t34305.T000001	NA	6	ARA/P (acetylene reduction activity per plant)	QTL analysis	LjMG RIL population (Miyakojima MG- 20 x Gifu B-129)	RIL	TM0550	Lj3.0	Lj3.0_chr2	29521387	29521546	TM0324	Lj3.0_chr2	42708540	42708734	68.3	5.56	NA	10.110.1007/s10265-011-0459-1111/tpj.12220	t34305.M000576.1	t34305.M000451.1
t34305.T000002	NA	6	ARA/P (acetylene reduction activity per plant)	QTL analysis	LjMG RIL population (Miyakojima MG- 20 x Gifu B-129)	RIL	TM0256	Lj3.0	Lj3.0_chr4	2391557	2391699	TM0832	Lj3.0_chr4	140451547	140451676	9.6	3.05	NA	10.110.1007/s10265-011-0459-1111/tpj.12220	t34305.M000398.1	t34305.M000690.1
t34305.T000003	NA	6	ARA/P (acetylene reduction activity per plant)	QTL analysis	LjMG RIL population (Miyakojima MG- 20 x Gifu B-129)	RIL	TM0030	Lj3.0	Lj3.0_chr4	26815844	26815989	NA	Lj3.0_chr4	0	0	34.2	2.65	NA	10.110.1007/s10265-011-0459-1111/tpj.12220	t34305.M000191.1	NA
t34305.T000004	NA	6	ARA/P (acetylene reduction activity per plant)	QTL analysis	LjMG RIL population (Miyakojima MG- 20 x Gifu B-129)	RIL	TM0095	Lj3.0	Lj3.0_chr5	25291632	25291802	NA	Lj3.0_chr5	0	0	18.5	2.11	NA	10.110.1007/s10265-011-0459-1111/tpj.12220	t34305.M000253.1	NA
t34305.T000005	NA	6	ARA/NN (acetylene reduction activity per nodule number)	QTL analysis	LjMG RIL population (Miyakojima MG- 20 x Gifu B-129)	RIL	TM0550 	Lj3.0	0	0	0	TM0002 	NA	0	0	66.9	3.89	NA	10.110.1007/s10265-011-0459-1111/tpj.12220	NA	NA
t34305.T000006	NA	6	ARA/NN (acetylene reduction activity per nodule number)	QTL analysis	LjMG RIL population (Miyakojima MG- 20 x Gifu B-129)	RIL	TM0256	Lj3.0	Lj3.0_chr4	2391557	2391699	TM0832 	Lj3.0_chr4	0	0	7.6	2.82	NA	10.110.1007/s10265-011-0459-1111/tpj.12220	t34305.M000398.1	NA
t34305.T000007	NA	6	ARA/NW (acetylene reduction activity per nodule weight)	QTL analysis	LjMG RIL population (Miyakojima MG- 20 x Gifu B-129)	RIL	TM0203 	Lj3.0	0	0	0	NA	NA	0	0	62.1	2.39	NA	10.110.1007/s10265-011-0459-1111/tpj.12220	NA	NA
t34305.T000008	NA	6	ARA/NW (acetylene reduction activity per nodule weight)	QTL analysis	LjMG RIL population (Miyakojima MG- 20 x Gifu B-129)	RIL	TM0664 	Lj3.0	0	0	0	NA	NA	0	0	37.2	3.5	NA	10.110.1007/s10265-011-0459-1111/tpj.12220	NA	NA
t34305.T000009	NA	6	ARA/NW (acetylene reduction activity per nodule weight)	QTL analysis	LjMG RIL population (Miyakojima MG- 20 x Gifu B-129)	RIL	TM1417 	Lj3.0	0	0	0	TM0095 	NA	0	0	18.5	4.93	NA	10.110.1007/s10265-011-0459-1111/tpj.12220	NA	NA
t34305.T000010	NA	6	NN  (nodule number per plant)	QTL analysis	LjMG RIL population (Miyakojima MG- 20 x Gifu B-129)	RIL	TM0083	Lj3.0	Lj3.0_chr3	25069136	25069297	NA	Lj3.0_chr3	0	0	38.8	6.07	NA	10.110.1007/s10265-011-0459-1111/tpj.12220	t34305.M000241.1	NA
t34305.T000011	NA	6	NW  (nodule weight per plant(	QTL analysis	LjMG RIL population (Miyakojima MG- 20 x Gifu B-129)	RIL	TM0550	Lj3.0	Lj3.0_chr2	29521387	29521546	TM0324	Lj3.0_chr2	42708540	42708734	63.9	3.1	NA	10.110.1007/s10265-011-0459-1111/tpj.12220	t34305.M000576.1	t34305.M000451.1
t34305.T000012	NA	6	NW  (nodule weight per plant(	QTL analysis	LjMG RIL population (Miyakojima MG- 20 x Gifu B-129)	RIL	TM0203	Lj3.0	Lj3.0_chr3	35756119	35756270	NA	Lj3.0_chr3	0	0	67.8	2.36	NA	10.110.1007/s10265-011-0459-1111/tpj.12220	t34305.M000352.1	NA
t34305.T000013	NA	6	NW  (nodule weight per plant(	QTL analysis	LjMG RIL population (Miyakojima MG- 20 x Gifu B-129)	RIL	TM0832	Lj3.0	Lj3.0_chr0	140451547	140451676	NA	Lj3.0_chr0	0	0	9.6	3.95	NA	10.110.1007/s10265-011-0459-1111/tpj.12220	t34305.M000690.1	NA
t34305.T000014	NA	6	NW  (nodule weight per plant(	QTL analysis	LjMG RIL population (Miyakojima MG- 20 x Gifu B-129)	RIL	TM0030	Lj3.0	Lj3.0_chr4	26815844	26815989	TM0664	Lj3.0_chr4	29584470	29584569	35.2	2.18	NA	10.110.1007/s10265-011-0459-1111/tpj.12220	t34305.M000191.1	t34305.M000623.1
t34305.T000015	NA	6	NW  (nodule weight per plant(	QTL analysis	LjMG RIL population (Miyakojima MG- 20 x Gifu B-129)	RIL	TM0095	Lj3.0	Lj3.0_chr5	25291632	25291802	NA	Lj3.0_chr5	0	0	18.5	3.89	NA	10.110.1007/s10265-011-0459-1111/tpj.12220	t34305.M000253.1	NA
t34305.T000016	NA	6	SL (stem length)	QTL analysis	LjMG RIL population (Miyakojima MG- 20 x Gifu B-129)	RIL	TM0088	Lj3.0	Lj3.0_chr1	217113	217274	NA	Lj3.0_chr1	0	0	0	5.42	NA	10.110.1007/s10265-011-0459-1111/tpj.12220	t34305.M000246.1	NA
t34305.T000017	NA	6	SL (stem length)	QTL analysis	LjMG RIL population (Miyakojima MG- 20 x Gifu B-129)	RIL	TM0113	Lj3.0	Lj3.0_chr1	38738303	38738438	TM0805	Lj3.0_chr1	42910317	42910477	46.6	7.9	NA	10.110.1007/s10265-011-0459-1111/tpj.12220	t34305.M000270.1	t34305.M000677.1
t34305.T000018	NA	6	SL (stem length)	QTL analysis	LjMG RIL population (Miyakojima MG- 20 x Gifu B-129)	RIL	TM1150	Lj3.0	Lj3.0_chr2	21552345	21552501	TM0076	Lj3.0_chr2	22434136	22434294	42.7	4.04	NA	10.110.1007/s10265-011-0459-1111/tpj.12220	t34305.M000753.1	t34305.M000234.1
t34305.T000019	NA	6	SL (stem length)	QTL analysis	LjMG RIL population (Miyakojima MG- 20 x Gifu B-129)	RIL	TM0996	Lj3.0	Lj3.0_chr3	11233257	11233411	NA	Lj3.0_chr3	0	0	22.1	2.25	NA	10.110.1007/s10265-011-0459-1111/tpj.12220	t34305.M000732.1	NA
t34305.T000020	NA	6	SL (stem length)	QTL analysis	LjMG RIL population (Miyakojima MG- 20 x Gifu B-129)	RIL	TM0832	Lj3.0	Lj3.0_chr0	140451547	140451676	NA	Lj3.0_chr0	0	0	12.6	3.65	NA	10.110.1007/s10265-011-0459-1111/tpj.12220	t34305.M000690.1	NA
t34305.T000021	NA	6	SL (stem length)	QTL analysis	LjMG RIL population (Miyakojima MG- 20 x Gifu B-129)	RIL	TM0266	Lj3.0	Lj3.0_chr4	38566944	38567108	TM0097	Lj3.0_chr4	41452428	41452611	65.4	2.18	NA	10.110.1007/s10265-011-0459-1111/tpj.12220	t34305.M000407.1	t34305.M000255.1
t34305.T000022	NA	6	SL (stem length)	QTL analysis	LjMG RIL population (Miyakojima MG- 20 x Gifu B-129)	RIL	TM1417	Lj3.0	Lj3.0_chr6	1055655	1055825	TM0095	Lj3.0_chr6	25291632	25291802	16.2	3.68	NA	10.110.1007/s10265-011-0459-1111/tpj.12220	t34305.M000801.1	t34305.M000253.1
t34305.T000023	NA	6	SL (stem length)	QTL analysis	LjMG RIL population (Miyakojima MG- 20 x Gifu B-129)	RIL	TM0186	Lj3.0	Lj3.0_chr5	20644864	20644999	TM0341	Lj3.0_chr5	18517193	18517309	38.7	5.09	NA	10.110.1007/s10265-011-0459-1111/tpj.12220	t34305.M000337.1	t34305.M000465.1
t34305.T000024	NA	6	SL (stem length)	QTL analysis	LjMG RIL population (Miyakojima MG- 20 x Gifu B-129)	RIL	TM0014	Lj3.0	Lj3.0_chr6	3760058	3760216	NA	Lj3.0_chr6	0	0	8.7	3.86	NA	10.110.1007/s10265-011-0459-1111/tpj.12220	t34305.M000176.1	NA
t34305.T000025	NA	6	SL (stem length)	QTL analysis	LjMG RIL population (Miyakojima MG- 20 x Gifu B-129)	RIL	TM0139	Lj3.0	Lj3.0_chr6	20744098	20744242	TM0756	Lj3.0_chr6	21783429	21783556	49.6	4.7	NA	10.110.1007/s10265-011-0459-1111/tpj.12220	t34305.M000295.1	t34305.M000664.1
t34305.T000026	NA	6	SL bac- (stem length without inoculation)	QTL analysis	LjMG RIL population (Miyakojima MG- 20 x Gifu B-129)	RIL	TM0027	Lj3.0	Lj3.0_chr1	10871784	10871961	TM0063	Lj3.0_chr1	17766925	17767088	3	7.5	NA	10.110.1007/s10265-011-0459-1111/tpj.12220	t34305.M000188.1	t34305.M000222.1
t34305.T000027	NA	6	SL bac- (stem length without inoculation)	QTL analysis	LjMG RIL population (Miyakojima MG- 20 x Gifu B-129)	RIL	TM0113	Lj3.0	Lj3.0_chr1	38738303	38738438	TM0805	Lj3.0_chr1	42910317	42910477	49.5	8.04	NA	10.110.1007/s10265-011-0459-1111/tpj.12220	t34305.M000270.1	t34305.M000677.1
t34305.T000028	NA	6	SL bac- (stem length without inoculation)	QTL analysis	LjMG RIL population (Miyakojima MG- 20 x Gifu B-129)	RIL	TM1150	Lj3.0	Lj3.0_chr2	21552345	21552501	NA	Lj3.0_chr2	0	0	42.7	4.03	NA	10.110.1007/s10265-011-0459-1111/tpj.12220	t34305.M000753.1	NA
t34305.T000029	NA	6	SL bac- (stem length without inoculation)	QTL analysis	LjMG RIL population (Miyakojima MG- 20 x Gifu B-129)	RIL	TM0996	Lj3.0	Lj3.0_chr3	11233257	11233411	TM0190 	Lj3.0_chr3	0	0	23.1	3.09	NA	10.110.1007/s10265-011-0459-1111/tpj.12220	t34305.M000732.1	NA
t34305.T000030	NA	6	SL bac- (stem length without inoculation)	QTL analysis	LjMG RIL population (Miyakojima MG- 20 x Gifu B-129)	RIL	TM0909	Lj3.0	Lj3.0_chr5	24208865	24209009	TM0849	Lj3.0_chr5	23293667	23293779	24.1	2.83	NA	10.110.1007/s10265-011-0459-1111/tpj.12220	t34305.M000711.1	t34305.M000697.1
t34305.T000031	NA	6	SL bac- (stem length without inoculation)	QTL analysis	LjMG RIL population (Miyakojima MG- 20 x Gifu B-129)	RIL	TM0055	Lj3.0	Lj3.0_chr6	25294502	25294649	NA	Lj3.0_chr6	0	0	61.5	2.85	NA	10.110.1007/s10265-011-0459-1111/tpj.12220	t34305.M000214.1	NA
t34305.T000032	NA	6	RL bac- (root length without inoculation)	QTL analysis	LjMG RIL population (Miyakojima MG- 20 x Gifu B-129)	RIL	TM0909	Lj3.0	Lj3.0_chr5	24208865	24209009	NA	Lj3.0_chr5	0	0	23.1	2.01	NA	10.110.1007/s10265-011-0459-1111/tpj.12220	t34305.M000711.1	NA
t34305.T000033	NA	6	SW bac- (shoot dry weight without inoculation)	QTL analysis	LjMG RIL population (Miyakojima MG- 20 x Gifu B-129)	RIL	TM0027	Lj3.0	Lj3.0_chr1	10871784	10871961	NA	Lj3.0_chr1	0	0	2	2.16	NA	10.110.1007/s10265-011-0459-1111/tpj.12220	t34305.M000188.1	NA
t34305.T000034	NA	6	SW bac- (shoot dry weight without inoculation)	QTL analysis	LjMG RIL population (Miyakojima MG- 20 x Gifu B-129)	RIL	TM0095	Lj3.0	Lj3.0_chr5	25291632	25291802	TM0909	Lj3.0_chr5	24208865	24209009	20.5	2.82	NA	10.110.1007/s10265-011-0459-1111/tpj.12220	t34305.M000253.1	t34305.M000711.1
t34305.T000035	NA	5	[Ca]-1 (Seed nutrient concentration)	QTL analysis	LjMG RIL population (Miyakojima MG- 20 x Gifu B-129)	RIL	TM0105	Lj3.0	Lj3.0_chr1	61873540	61873679	NA	Lj3.0_chr1	0	0	71	3.25	NA	10.1139/G09-039	t34305.M000262.1	NA
t34305.T000036	NA	5	[Ca]-2 (Seed nutrient concentration)	QTL analysis	LjMG RIL population (Miyakojima MG- 20 x Gifu B-129)	RIL	TM0074	Lj3.0	Lj3.0_chr2	7041149	7041313	NA	Lj3.0_chr2	0	0	6.2	2.73	NA	10.1139/G09-039	t34305.M000232.1	NA
t34305.T000037	NA	5	[Cu]-1 (Seed nutrient concentration)	QTL analysis	LjMG RIL population (Miyakojima MG- 20 x Gifu B-129)	RIL	TM0051	Lj3.0	0	0	0	NA	0	0	0	29.3	5.97	NA	10.1139/G09-039	t34305.M000211.1	NA
t34305.T000038	NA	5	[Cu]-2 (Seed nutrient concentration)	QTL analysis	LjMG RIL population (Miyakojima MG- 20 x Gifu B-129)	RIL	TM0051	Lj3.0	0	0	0	NA	0	0	0	29.3	3.38	NA	10.1139/G09-039	t34305.M000211.1	NA
t34305.T000039	NA	5	[Cu]-3 (Seed nutrient concentration)	QTL analysis	LjMG RIL population (Miyakojima MG- 20 x Gifu B-129)	RIL	TM0035	Lj3.0	Lj3.0_chr3	14526694	14526804	NA	Lj3.0_chr3	0	0	29.8	3.65	NA	10.1139/G09-039	t34305.M000196.1	NA
t34305.T000040	NA	5	[Cu]-4 (Seed nutrient concentration)	QTL analysis	LjMG RIL population (Miyakojima MG- 20 x Gifu B-129)	RIL	TM0083	Lj3.0	Lj3.0_chr3	25069136	25069297	NA	Lj3.0_chr3	0	0	37.8	3.24	NA	10.1139/G09-039	t34305.M000241.1	NA
t34305.T000041	NA	5	[Fe]-1 (Seed nutrient concentration)	QTL analysis	LjMG RIL population (Miyakojima MG- 20 x Gifu B-129)	RIL	TM0101	Lj3.0	Lj3.0_chr1	30019246	30019380	NA	Lj3.0_chr1	0	0	24.4	4.41	NA	10.1139/G09-039	t34305.M000259.1	NA
t34305.T000042	NA	5	[Fe]-2 (Seed nutrient concentration)	QTL analysis	LjMG RIL population (Miyakojima MG- 20 x Gifu B-129)	RIL	TM1635	Lj3.0	Lj3.0_chr1	31690752	31690891	NA	Lj3.0_chr1	0	0	28.1	2.87	NA	10.1139/G09-039	t34305.M000863.1	NA
t34305.T000043	NA	5	[Fe]-3 (Seed nutrient concentration)	QTL analysis	LjMG RIL population (Miyakojima MG- 20 x Gifu B-129)	RIL	TM0555	Lj3.0	Lj3.0_chr4	33945206	33945388	NA	Lj3.0_chr4	0	0	51	3.96	NA	10.1139/G09-039	t34305.M000578.1	NA
t34305.T000044	NA	5	[K]-1 (Seed nutrient concentration)	QTL analysis	LjMG RIL population (Miyakojima MG- 20 x Gifu B-129)	RIL	TM0051	Lj3.0	0	0	0	NA	0	0	0	29.3	3.39	NA	10.1139/G09-039	t34305.M000211.1	NA
t34305.T000045	NA	5	[K]-1 (Seed nutrient concentration)	QTL analysis	LjMG RIL population (Miyakojima MG- 20 x Gifu B-129)	RIL	TM0053	Lj3.0	Lj3.0_chr2	10514220	10514399	NA	Lj3.0_chr2	0	0	9.6	3.27	NA	10.1139/G09-039	t34305.M000213.1	NA
t34305.T000046	NA	5	[Mg]-1 (Seed nutrient concentration)	QTL analysis	LjMG RIL population (Miyakojima MG- 20 x Gifu B-129)	RIL	TM0555	Lj3.0	Lj3.0_chr4	33945206	33945388	NA	Lj3.0_chr4	0	0	47.5	3.22	NA	10.1139/G09-039	t34305.M000578.1	NA
t34305.T000047	NA	5	[Mg]-2 (Seed nutrient concentration)	QTL analysis	LjMG RIL population (Miyakojima MG- 20 x Gifu B-129)	RIL	TM0849	Lj3.0	Lj3.0_chr5	23293667	23293779	NA	Lj3.0_chr5	0	0	31.6	3.62	NA	10.1139/G09-039	t34305.M000697.1	NA
t34305.T000048	NA	5	[Mg]-3 (Seed nutrient concentration)	QTL analysis	LjMG RIL population (Miyakojima MG- 20 x Gifu B-129)	RIL	TM0632	Lj3.0	0	0	0	NA	0	0	0	23.6	3.23	NA	10.1139/G09-039	t34305.M000610.1	NA
t34305.T000049	NA	5	[Mn]-1 (Seed nutrient concentration)	QTL analysis	LjMG RIL population (Miyakojima MG- 20 x Gifu B-129)	RIL	TM0101	Lj3.0	Lj3.0_chr1	30019246	30019380	NA	Lj3.0_chr1	0	0	24.4	5.39	NA	10.1139/G09-039	t34305.M000259.1	NA
t34305.T000050	NA	5	[Mn]-2 (Seed nutrient concentration)	QTL analysis	LjMG RIL population (Miyakojima MG- 20 x Gifu B-129)	RIL	TM0383	Lj3.0	Lj3.0_chr2	7494969	7495079	NA	Lj3.0_chr2	0	0	8.4	5.8	NA	10.1139/G09-039	t34305.M000496.1	NA
t34305.T000051	NA	5	[Ni]-1 (Seed nutrient concentration)	QTL analysis	LjMG RIL population (Miyakojima MG- 20 x Gifu B-129)	RIL	TM0660	Lj3.0	Lj3.0_chr2	12827782	12827969	NA	Lj3.0_chr2	0	0	12.8	3.24	NA	10.1139/G09-039	t34305.M000622.1	NA
t34305.T000052	NA	5	[Ni]-2 (Seed nutrient concentration)	QTL analysis	LjMG RIL population (Miyakojima MG- 20 x Gifu B-129)	RIL	BM1626	Lj3.0	Lj3.0_chr2	18310832	18310982	NA	Lj3.0_chr2	0	0	30.8	4.11	NA	10.1139/G09-039	t34305.M000027.1	NA
t34305.T000053	NA	5	[Ni]-3 (Seed nutrient concentration)	QTL analysis	LjMG RIL population (Miyakojima MG- 20 x Gifu B-129)	RIL	TM0793	Lj3.0	Lj3.0_chr3	564251	564408	NA	Lj3.0_chr3	0	0	0	3.91	NA	10.1139/G09-039	t34305.M000671.1	NA
t34305.T000054	NA	5	[Ni]-4 (Seed nutrient concentration)	QTL analysis	LjMG RIL population (Miyakojima MG- 20 x Gifu B-129)	RIL	TM0996	Lj3.0	Lj3.0_chr3	11233257	11233411	NA	Lj3.0_chr3	0	0	19.5	4.45	NA	10.1139/G09-039	t34305.M000732.1	NA
t34305.T000055	NA	5	[Ni]-5 (Seed nutrient concentration)	QTL analysis	LjMG RIL population (Miyakojima MG- 20 x Gifu B-129)	RIL	TM0203	Lj3.0	Lj3.0_chr3	35756119	35756270	NA	Lj3.0_chr3	0	0	64.8	5.19	NA	10.1139/G09-039	t34305.M000352.1	NA
t34305.T000056	NA	5	[P]-1 (Seed nutrient concentration)	QTL analysis	LjMG RIL population (Miyakojima MG- 20 x Gifu B-129)	RIL	TM0134	Lj3.0	Lj3.0_chr2	3625302	3625437	NA	Lj3.0_chr2	0	0	3.2	3.05	NA	10.1139/G09-039	t34305.M000290.1	NA
t34305.T000057	NA	5	[P]-2 (Seed nutrient concentration)	QTL analysis	LjMG RIL population (Miyakojima MG- 20 x Gifu B-129)	RIL	TM0203	Lj3.0	Lj3.0_chr3	35756119	35756270	NA	Lj3.0_chr3	0	0	67.8	4.13	NA	10.1139/G09-039	t34305.M000352.1	NA
t34305.T000058	NA	5	[P]-3 (Seed nutrient concentration)	QTL analysis	LjMG RIL population (Miyakojima MG- 20 x Gifu B-129)	RIL	TM0616	Lj3.0	0	0	0	NA	0	0	0	69.8	4.85	NA	10.1139/G09-039	t34305.M000605.1	NA
t34305.T000059	NA	5	[P]-4 (Seed nutrient concentration)	QTL analysis	LjMG RIL population (Miyakojima MG- 20 x Gifu B-129)	RIL	TM0880	Lj3.0	Lj3.0_chr6	16717630	16717805	NA	Lj3.0_chr6	0	0	41.7	5.53	NA	10.1139/G09-039	t34305.M000705.1	NA
t34305.T000060	NA	5	[P]-5 (Seed nutrient concentration)	QTL analysis	LjMG RIL population (Miyakojima MG- 20 x Gifu B-129)	RIL	TM0756	Lj3.0	Lj3.0_chr6	21783429	21783556	NA	Lj3.0_chr6	0	0	51.9	2.87	NA	10.1139/G09-039	t34305.M000664.1	NA
t34305.T000061	NA	5	[S]-1 (Seed nutrient concentration)	QTL analysis	LjMG RIL population (Miyakojima MG- 20 x Gifu B-129)	RIL	TM0088	Lj3.0	Lj3.0_chr1	217113	217274	NA	Lj3.0_chr1	0	0	0	15.16	NA	10.1139/G09-039	t34305.M000246.1	NA
t34305.T000062	NA	5	[S]-2 (Seed nutrient concentration)	QTL analysis	LjMG RIL population (Miyakojima MG- 20 x Gifu B-129)	RIL	TM0088	Lj3.0	Lj3.0_chr1	217113	217274	NA	Lj3.0_chr1	0	0	0	5.61	NA	10.1139/G09-039	t34305.M000246.1	NA
t34305.T000063	NA	5	[S]-3 (Seed nutrient concentration)	QTL analysis	LjMG RIL population (Miyakojima MG- 20 x Gifu B-129)	RIL	TM0372	Lj3.0	Lj3.0_chr1	23470662	23470768	NA	Lj3.0_chr1	0	0	17.3	4.73	NA	10.1139/G09-039	t34305.M000488.1	NA
t34305.T000064	NA	5	[S]-4 (Seed nutrient concentration)	QTL analysis	LjMG RIL population (Miyakojima MG- 20 x Gifu B-129)	RIL	TM0051	Lj3.0	0	0	0	NA	0	0	0	29.3	4.25	NA	10.1139/G09-039	t34305.M000211.1	NA
t34305.T000065	NA	5	[S]-5 (Seed nutrient concentration)	QTL analysis	LjMG RIL population (Miyakojima MG- 20 x Gifu B-129)	RIL	TM1417	Lj3.0	Lj3.0_chr6	1055655	1055825	NA	Lj3.0_chr6	0	0	42.9	5.14	NA	10.1139/G09-039	t34305.M000801.1	NA
t34305.T000066	NA	5	[S]-6 (Seed nutrient concentration)	QTL analysis	LjMG RIL population (Miyakojima MG- 20 x Gifu B-129)	RIL	TM0014	Lj3.0	Lj3.0_chr6	3760058	3760216	NA	Lj3.0_chr6	0	0	6.1	3.54	NA	10.1139/G09-039	t34305.M000176.1	NA
t34305.T000067	NA	5	[Zn]-1 (Seed nutrient concentration)	QTL analysis	LjMG RIL population (Miyakojima MG- 20 x Gifu B-129)	RIL	TM0101	Lj3.0	Lj3.0_chr1	30019246	30019380	NA	Lj3.0_chr1	0	0	24.4	6.5	NA	10.1139/G09-039	t34305.M000259.1	NA
t34305.T000068	NA	5	[Zn]-2 (Seed nutrient concentration)	QTL analysis	LjMG RIL population (Miyakojima MG- 20 x Gifu B-129)	RIL	TM0048	Lj3.0	Lj3.0_chr5	22492896	22493058	NA	Lj3.0_chr5	0	0	29.6	3.19	NA	10.1139/G09-039	t34305.M000208.1	NA
t34305.T000069	NA	5	SM-1 (Seed mass)	QTL analysis	LjMG RIL population (Miyakojima MG- 20 x Gifu B-129)	RIL	TM0832	Lj3.0	Lj3.0_chr0	140451547	140451676	NA	Lj3.0_chr0	0	0	10.6	2.99	NA	10.1139/G09-039	t34305.M000690.1	NA
t34305.T000070	NA	5	SM-2 (Seed mass)	QTL analysis	LjMG RIL population (Miyakojima MG- 20 x Gifu B-129)	RIL	TM0832	Lj3.0	Lj3.0_chr0	140451547	140451676	NA	Lj3.0_chr0	0	0	9.6	5.56	NA	10.1139/G09-039	t34305.M000690.1	NA
t34305.T000071	NA	5	SM-3 (Seed mass)	QTL analysis	LjMG RIL population (Miyakojima MG- 20 x Gifu B-129)	RIL	TM0245	Lj3.0	Lj3.0_chr6	7307225	7307364	NA	Lj3.0_chr6	0	0	20.8	5.35	NA	10.1139/G09-039	t34305.M000390.1	NA
t34305.T000072	NA	5	SM-4 (Seed mass)	QTL analysis	LjMG RIL population (Miyakojima MG- 20 x Gifu B-129)	RIL	TM0632	Lj3.0	0	0	0	NA	0	0	0	23.6	4.16	NA	10.1139/G09-039	t34305.M000610.1	NA
t34305.T000073	NA	5	SM-5 (Seed mass)	QTL analysis	LjMG RIL population (Miyakojima MG- 20 x Gifu B-129)	RIL	TM0336	Lj3.0	Lj3.0_chr6	24123928	24124092	NA	Lj3.0_chr6	0	0	57.6	3.58	NA	10.1139/G09-039	t34305.M000461.1	NA
t34305.T000074	NA	5	SM-6 (Seed mass)	QTL analysis	LjMG RIL population (Miyakojima MG- 20 x Gifu B-129)	RIL	TM0336	Lj3.0	Lj3.0_chr6	24123928	24124092	NA	Lj3.0_chr6	0	0	57.6	4.12	NA	10.1139/G09-039	t34305.M000461.1	NA
t34305.T000075	NA	5	Alloc-1 (Seed allocation)	QTL analysis	LjMG RIL population (Miyakojima MG- 20 x Gifu B-129)	RIL	TM0134	Lj3.0	Lj3.0_chr2	3625302	3625437	NA	Lj3.0_chr2	0	0	4.2	4.19	NA	10.1139/G09-039	t34305.M000290.1	NA
t34305.T000076	NA	5	Alloc-2 (Seed allocation)	QTL analysis	LjMG RIL population (Miyakojima MG- 20 x Gifu B-129)	RIL	TM0127	Lj3.0	Lj3.0_chr3	44348170	44348301	NA	Lj3.0_chr3	0	0	82.4	3.26	NA	10.1139/G09-039	t34305.M000284.1	NA
t34305.T000077	NA	5	Alloc-3 (Seed allocation)	QTL analysis	LjMG RIL population (Miyakojima MG- 20 x Gifu B-129)	RIL	TM0331	Lj3.0	Lj3.0_chr6	10106216	10106346	NA	Lj3.0_chr6	0	0	31.6	8.45	NA	10.1139/G09-039	t34305.M000456.1	NA
t34305.T000078	NA	5	Alloc-4 (Seed allocation)	QTL analysis	LjMG RIL population (Miyakojima MG- 20 x Gifu B-129)	RIL	TM0041	Lj3.0	Lj3.0_chr6	11873366	11873539	NA	Lj3.0_chr6	0	0	32.5	3.77	NA	10.1139/G09-039	t34305.M000201.1	NA
t34305.T000079	NA	5	Ca-3 (Seed nutrient content)	QTL analysis	LjMG RIL population (Miyakojima MG- 20 x Gifu B-129)	RIL	TM0386	Lj3.0	Lj3.0_chr1	28671291	28671431	NA	Lj3.0_chr1	0	0	21.7	2.79	NA	10.1139/G09-039	t34305.M000497.1	NA
t34305.T000080	NA	5	Ca-4 (Seed nutrient content)	QTL analysis	LjMG RIL population (Miyakojima MG- 20 x Gifu B-129)	RIL	TM1168	Lj3.0	Lj3.0_chr1	34755807	34755930	NA	Lj3.0_chr1	0	0	31.3	3.01	NA	10.1139/G09-039	t34305.M000754.1	NA
t34305.T000081	NA	5	Ca-5 (Seed nutrient content)	QTL analysis	LjMG RIL population (Miyakojima MG- 20 x Gifu B-129)	RIL	TM0113	Lj3.0	Lj3.0_chr1	38738303	38738438	NA	Lj3.0_chr1	0	0	46.6	5.6	NA	10.1139/G09-039	t34305.M000270.1	NA
t34305.T000082	NA	5	Ca-6 (Seed nutrient content)	QTL analysis	LjMG RIL population (Miyakojima MG- 20 x Gifu B-129)	RIL	TM0222	Lj3.0	Lj3.0_chr1	46012439	46012589	NA	Lj3.0_chr1	0	0	50.5	2.82	NA	10.1139/G09-039	t34305.M000370.1	NA
t34305.T000083	NA	5	Ca-7 (Seed nutrient content)	QTL analysis	LjMG RIL population (Miyakojima MG- 20 x Gifu B-129)	RIL	TM0832	Lj3.0	Lj3.0_chr0	140451547	140451676	NA	Lj3.0_chr0	0	0	8.6	4.65	NA	10.1139/G09-039	t34305.M000690.1	NA
t34305.T000084	NA	5	Ca-8 (Seed nutrient content)	QTL analysis	LjMG RIL population (Miyakojima MG- 20 x Gifu B-129)	RIL	TM0330	Lj3.0	Lj3.0_chr4	12094828	12094994	NA	Lj3.0_chr4	0	0	16	2.91	NA	10.1139/G09-039	t34305.M000455.1	NA
t34305.T000085	NA	5	Ca-9 (Seed nutrient content)	QTL analysis	LjMG RIL population (Miyakojima MG- 20 x Gifu B-129)	RIL	TM0194	Lj3.0	Lj3.0_chr4	13253314	13253436	NA	Lj3.0_chr4	0	0	20.3	3.22	NA	10.1139/G09-039	t34305.M000344.1	NA
t34305.T000086	NA	5	Ca-10 (Seed nutrient content)	QTL analysis	LjMG RIL population (Miyakojima MG- 20 x Gifu B-129)	RIL	TM0126	Lj3.0	Lj3.0_chr4	19378122	19378302	NA	Lj3.0_chr4	0	0	27	5.11	NA	10.1139/G09-039	t34305.M000283.1	NA
t34305.T000087	NA	5	Ca-11 (Seed nutrient content)	QTL analysis	LjMG RIL population (Miyakojima MG- 20 x Gifu B-129)	RIL	TM0722	Lj3.0	Lj3.0_chr6	2169061	2169185	NA	Lj3.0_chr6	0	0	4.1	5.28	NA	10.1139/G09-039	t34305.M000653.1	NA
t34305.T000088	NA	5	Ca-12 (Seed nutrient content)	QTL analysis	LjMG RIL population (Miyakojima MG- 20 x Gifu B-129)	RIL	TM0632	Lj3.0	0	0	0	NA	0	0	0	23.6	3.46	NA	10.1139/G09-039	t34305.M000610.1	NA
t34305.T000089	NA	5	Cu-5 (Seed nutrient content)	QTL analysis	LjMG RIL population (Miyakojima MG- 20 x Gifu B-129)	RIL	TM0178	Lj3.0	0	0	0	NA	0	0	0	20.1	4.07	NA	10.1139/G09-039	t34305.M000331.1	NA
t34305.T000090	NA	5	Cu-6 (Seed nutrient content)	QTL analysis	LjMG RIL population (Miyakojima MG- 20 x Gifu B-129)	RIL	TM0105	Lj3.0	Lj3.0_chr1	61873540	61873679	NA	Lj3.0_chr1	0	0	71	2.71	NA	10.1139/G09-039	t34305.M000262.1	NA
t34305.T000091	NA	5	Fe-4 (Seed nutrient content)	QTL analysis	LjMG RIL population (Miyakojima MG- 20 x Gifu B-129)	RIL	TM0101	Lj3.0	Lj3.0_chr1	30019246	30019380	NA	Lj3.0_chr1	0	0	24.4	3.42	NA	10.1139/G09-039	t34305.M000259.1	NA
t34305.T000092	NA	5	Fe-5 (Seed nutrient content)	QTL analysis	LjMG RIL population (Miyakojima MG- 20 x Gifu B-129)	RIL	TM1091	Lj3.0	Lj3.0_chr6	8844127	8844286	NA	Lj3.0_chr6	0	0	25.4	3.28	NA	10.1139/G09-039	t34305.M000748.1	NA
t34305.T000093	NA	5	K-3 (Seed nutrient content)	QTL analysis	LjMG RIL population (Miyakojima MG- 20 x Gifu B-129)	RIL	TM0105	Lj3.0	Lj3.0_chr1	61873540	61873679	NA	Lj3.0_chr1	0	0	71	6.16	NA	10.1139/G09-039	t34305.M000262.1	NA
t34305.T000094	NA	5	K-4 (Seed nutrient content)	QTL analysis	LjMG RIL population (Miyakojima MG- 20 x Gifu B-129)	RIL	TM0134	Lj3.0	Lj3.0_chr2	3625302	3625437	NA	Lj3.0_chr2	0	0	3.2	6.25	NA	10.1139/G09-039	t34305.M000290.1	NA
t34305.T000095	NA	5	K-5 (Seed nutrient content)	QTL analysis	LjMG RIL population (Miyakojima MG- 20 x Gifu B-129)	RIL	TM0074	Lj3.0	Lj3.0_chr2	7041149	7041313	NA	Lj3.0_chr2	0	0	6.2	2.91	NA	10.1139/G09-039	t34305.M000232.1	NA
t34305.T000096	NA	5	K-6 (Seed nutrient content)	QTL analysis	LjMG RIL population (Miyakojima MG- 20 x Gifu B-129)	RIL	TM0194	Lj3.0	Lj3.0_chr4	13253314	13253436	NA	Lj3.0_chr4	0	0	21.3	3.11	NA	10.1139/G09-039	t34305.M000344.1	NA
t34305.T000097	NA	5	K-7 (Seed nutrient content)	QTL analysis	LjMG RIL population (Miyakojima MG- 20 x Gifu B-129)	RIL	TM0266	Lj3.0	Lj3.0_chr4	38566944	38567108	NA	Lj3.0_chr4	0	0	59.4	4.27	NA	10.1139/G09-039	t34305.M000407.1	NA
t34305.T000098	NA	5	K-8 (Seed nutrient content)	QTL analysis	LjMG RIL population (Miyakojima MG- 20 x Gifu B-129)	RIL	TM0245	Lj3.0	Lj3.0_chr6	7307225	7307364	NA	Lj3.0_chr6	0	0	20.8	5.41	NA	10.1139/G09-039	t34305.M000390.1	NA
t34305.T000099	NA	5	K-9 (Seed nutrient content)	QTL analysis	LjMG RIL population (Miyakojima MG- 20 x Gifu B-129)	RIL	TM0632	Lj3.0	0	0	0	NA	0	0	0	23.6	3.94	NA	10.1139/G09-039	t34305.M000610.1	NA
t34305.T000100	NA	5	K-10 (Seed nutrient content)	QTL analysis	LjMG RIL population (Miyakojima MG- 20 x Gifu B-129)	RIL	TM0055	Lj3.0	Lj3.0_chr6	25294502	25294649	NA	Lj3.0_chr6	0	0	60.6	3.6	NA	10.1139/G09-039	t34305.M000214.1	NA
t34305.T000101	NA	5	Mg-4  (Seed nutrient content)	QTL analysis	LjMG RIL population (Miyakojima MG- 20 x Gifu B-129)	RIL	TM0372	Lj3.0	Lj3.0_chr1	23470662	23470768	NA	Lj3.0_chr1	0	0	11.8	3.93	NA	10.1139/G09-039	t34305.M000488.1	NA
t34305.T000102	NA	5	Mg-5  (Seed nutrient content)	QTL analysis	LjMG RIL population (Miyakojima MG- 20 x Gifu B-129)	RIL	TM0805	Lj3.0	Lj3.0_chr1	42910317	42910477	NA	Lj3.0_chr1	0	0	49.5	3.63	NA	10.1139/G09-039	t34305.M000677.1	NA
t34305.T000103	NA	5	Mg-6  (Seed nutrient content)	QTL analysis	LjMG RIL population (Miyakojima MG- 20 x Gifu B-129)	RIL	TM0105	Lj3.0	Lj3.0_chr1	61873540	61873679	NA	Lj3.0_chr1	0	0	71	4.81	NA	10.1139/G09-039	t34305.M000262.1	NA
t34305.T000104	NA	5	Mg-7  (Seed nutrient content)	QTL analysis	LjMG RIL population (Miyakojima MG- 20 x Gifu B-129)	RIL	TM0134	Lj3.0	Lj3.0_chr2	3625302	3625437	NA	Lj3.0_chr2	0	0	3.2	5.67	NA	10.1139/G09-039	t34305.M000290.1	NA
t34305.T000105	NA	5	Mg-8  (Seed nutrient content)	QTL analysis	LjMG RIL population (Miyakojima MG- 20 x Gifu B-129)	RIL	TM0134	Lj3.0	Lj3.0_chr2	3625302	3625437	NA	Lj3.0_chr2	0	0	4.2	5.22	NA	10.1139/G09-039	t34305.M000290.1	NA
t34305.T000106	NA	5	Mg-9  (Seed nutrient content)	QTL analysis	LjMG RIL population (Miyakojima MG- 20 x Gifu B-129)	RIL	TM0080	Lj3.0	Lj3.0_chr3	6144060	6144197	NA	Lj3.0_chr3	0	0	16.5	3.71	NA	10.1139/G09-039	t34305.M000238.1	NA
t34305.T000107	NA	5	Mg-10  (Seed nutrient content)	QTL analysis	LjMG RIL population (Miyakojima MG- 20 x Gifu B-129)	RIL	TM1091	Lj3.0	Lj3.0_chr6	8844127	8844286	NA	Lj3.0_chr6	0	0	25.4	3.44	NA	10.1139/G09-039	t34305.M000748.1	NA
t34305.T000108	NA	5	Ni-6  (Seed nutrient content)	QTL analysis	LjMG RIL population (Miyakojima MG- 20 x Gifu B-129)	RIL	TM0203	Lj3.0	Lj3.0_chr3	35756119	35756270	NA	Lj3.0_chr3	0	0	64.1	2.78	NA	10.1139/G09-039	t34305.M000352.1	NA
t34305.T000109	NA	5	P-6  (Seed nutrient content)	QTL analysis	LjMG RIL population (Miyakojima MG- 20 x Gifu B-129)	RIL	TM0194	Lj3.0	Lj3.0_chr4	13253314	13253436	NA	Lj3.0_chr4	0	0	19.3	3.95	NA	10.1139/G09-039	t34305.M000344.1	NA
t34305.T000110	NA	5	P-7  (Seed nutrient content)	QTL analysis	LjMG RIL population (Miyakojima MG- 20 x Gifu B-129)	RIL	TM0821	Lj3.0	Lj3.0_chr6	9169214	9169396	NA	Lj3.0_chr6	0	0	27	3.9	NA	10.1139/G09-039	t34305.M000684.1	NA
t34305.T000111	NA	5	P-8  (Seed nutrient content)	QTL analysis	LjMG RIL population (Miyakojima MG- 20 x Gifu B-129)	RIL	TM0821	Lj3.0	Lj3.0_chr6	9169214	9169396	NA	Lj3.0_chr6	0	0	27	3.46	NA	10.1139/G09-039	t34305.M000684.1	NA
t34305.T000112	NA	5	P-9  (Seed nutrient content)	QTL analysis	LjMG RIL population (Miyakojima MG- 20 x Gifu B-129)	RIL	TM0880	Lj3.0	Lj3.0_chr6	16717630	16717805	NA	Lj3.0_chr6	0	0	42.7	5.15	NA	10.1139/G09-039	t34305.M000705.1	NA
t34305.T000113	NA	5	P-10  (Seed nutrient content)	QTL analysis	LjMG RIL population (Miyakojima MG- 20 x Gifu B-129)	RIL	TM0756	Lj3.0	Lj3.0_chr6	21783429	21783556	NA	Lj3.0_chr6	0	0	56.9	6.12	NA	10.1139/G09-039	t34305.M000664.1	NA
t34305.T000114	NA	5	S-7  (Seed nutrient content)	QTL analysis	LjMG RIL population (Miyakojima MG- 20 x Gifu B-129)	RIL	TM0088	Lj3.0	Lj3.0_chr1	217113	217274	NA	Lj3.0_chr1	0	0	0	4.17	NA	10.1139/G09-039	t34305.M000246.1	NA
t34305.T000115	NA	5	S-8  (Seed nutrient content)	QTL analysis	LjMG RIL population (Miyakojima MG- 20 x Gifu B-129)	RIL	TM0027	Lj3.0	Lj3.0_chr1	10871784	10871961	NA	Lj3.0_chr1	0	0	0	3.6	NA	10.1139/G09-039	t34305.M000188.1	NA
t34305.T000116	NA	5	S-9  (Seed nutrient content)	QTL analysis	LjMG RIL population (Miyakojima MG- 20 x Gifu B-129)	RIL	TM0122	Lj3.0	Lj3.0_chr1	58546864	58546987	NA	Lj3.0_chr1	0	0	67.2	5.22	NA	10.1139/G09-039	t34305.M000279.1	NA
t34305.T000117	NA	5	S-10  (Seed nutrient content)	QTL analysis	LjMG RIL population (Miyakojima MG- 20 x Gifu B-129)	RIL	TM0134	Lj3.0	Lj3.0_chr2	3625302	3625437	NA	Lj3.0_chr2	0	0	4.2	3.3	NA	10.1139/G09-039	t34305.M000290.1	NA
t34305.T000118	NA	5	S-11  (Seed nutrient content)	QTL analysis	LjMG RIL population (Miyakojima MG- 20 x Gifu B-129)	RIL	TM0203	Lj3.0	Lj3.0_chr3	35756119	35756270	NA	Lj3.0_chr3	0	0	64.1	3.94	NA	10.1139/G09-039	t34305.M000352.1	NA
t34305.T000119	NA	5	S-12  (Seed nutrient content)	QTL analysis	LjMG RIL population (Miyakojima MG- 20 x Gifu B-129)	RIL	TM0194	Lj3.0	Lj3.0_chr4	13253314	13253436	NA	Lj3.0_chr4	0	0	19.3	3.32	NA	10.1139/G09-039	t34305.M000344.1	NA
t34305.T000120	NA	5	S-13  (Seed nutrient content)	QTL analysis	LjMG RIL population (Miyakojima MG- 20 x Gifu B-129)	RIL	TM0194	Lj3.0	Lj3.0_chr4	13253314	13253436	NA	Lj3.0_chr4	0	0	19.3	3.51	NA	10.1139/G09-039	t34305.M000344.1	NA
t34305.T000121	NA	5	S-14  (Seed nutrient content)	QTL analysis	LjMG RIL population (Miyakojima MG- 20 x Gifu B-129)	RIL	TM0849	Lj3.0	Lj3.0_chr5	23293667	23293779	NA	Lj3.0_chr5	0	0	32.6	3.71	NA	10.1139/G09-039	t34305.M000697.1	NA
t34305.T000122	NA	5	S-15  (Seed nutrient content)	QTL analysis	LjMG RIL population (Miyakojima MG- 20 x Gifu B-129)	RIL	TM0245	Lj3.0	Lj3.0_chr6	7307225	7307364	NA	Lj3.0_chr6	0	0	20.8	4.59	NA	10.1139/G09-039	t34305.M000390.1	NA
t34305.T000123	NA	5	S-16  (Seed nutrient content)	QTL analysis	LjMG RIL population (Miyakojima MG- 20 x Gifu B-129)	RIL	TM0756	Lj3.0	Lj3.0_chr6	21783429	21783556	NA	Lj3.0_chr6	0	0	56.9	5.27	NA	10.1139/G09-039	t34305.M000664.1	NA
t34305.T000124	NA	5	Zn-3  (Seed nutrient content)	QTL analysis	LjMG RIL population (Miyakojima MG- 20 x Gifu B-129)	RIL	TM0193	Lj3.0	Lj3.0_chr1	26962089	26962199	NA	Lj3.0_chr1	0	0	18.3	2.9	NA	10.1139/G09-039	t34305.M000343.1	NA
t34305.T000125	NA	5	Zn-4  (Seed nutrient content)	QTL analysis	LjMG RIL population (Miyakojima MG- 20 x Gifu B-129)	RIL	TM0134	Lj3.0	Lj3.0_chr2	3625302	3625437	NA	Lj3.0_chr2	0	0	5.2	4.24	NA	10.1139/G09-039	t34305.M000290.1	NA
t34305.T000126	NA	5	Zn-5  (Seed nutrient content)	QTL analysis	LjMG RIL population (Miyakojima MG- 20 x Gifu B-129)	RIL	TM0302	Lj3.0	Lj3.0_chr6	4957592	4957735	NA	Lj3.0_chr6	0	0	12.7	2.89	NA	10.1139/G09-039	t34305.M000431.1	NA
t34305.T000127	NA	4	FT (flowering time)	QTL analysis	LjMG RIL population (Miyakojima MG- 20 x Gifu B-129)	RIL	TM0688	Lj3.0	Lj3.0_chr0	57607203	57607340	TM0117	Lj3.0_chr0	37875977	37876104	42	3.47	NA	10.1139/G07-040	t34305.M000633.1	t34305.M000274.1
t34305.T000128	NA	4	FT (flowering time)	QTL analysis	LjMG RIL population (Miyakojima MG- 20 x Gifu B-129)	RIL	TM0113	Lj3.0	Lj3.0_chr1	38738303	38738438	TM0805	Lj3.0_chr1	42910317	42910477	51.3	5.02	NA	10.1139/G07-040	t34305.M000270.1	t34305.M000677.1
t34305.T000129	NA	4	FD (flowering degree)	QTL analysis	LjMG RIL population (Miyakojima MG- 20 x Gifu B-129)	RIL	TM0222	Lj3.0	Lj3.0_chr1	46012439	46012589	TM0009	Lj3.0_chr1	49389836	49389985	63	4.56	NA	10.1139/G07-040	t34305.M000370.1	t34305.M000171.1
t34305.T000130	NA	4	PH (plant height)	QTL analysis	LjMG RIL population (Miyakojima MG- 20 x Gifu B-129)	RIL	TM0996	Lj3.0	Lj3.0_chr3	11233257	11233411	TM0190	Lj3.0_chr3	13629310	13629529	22.9	6.85	NA	10.1139/G07-040	t34305.M000732.1	t34305.M000340.1
t34305.T000131	NA	4	PH (plant height)	QTL analysis	LjMG RIL population (Miyakojima MG- 20 x Gifu B-129)	RIL	TM0341	Lj3.0	Lj3.0_chr5	18517193	18517309	TM0657	Lj3.0_chr5	11119564	11119695	44.8	4.57	NA	10.1139/G07-040	t34305.M000465.1	t34305.M000621.1
t34305.T000132	NA	4	PH (plant height)	QTL analysis	LjMG RIL population (Miyakojima MG- 20 x Gifu B-129)	RIL	TM0756	Lj3.0	Lj3.0_chr6	21783429	21783556	TM0336	Lj3.0_chr6	24123928	24124092	52.8	6.61	NA	10.1139/G07-040	t34305.M000664.1	t34305.M000461.1
t34305.T000133	NA	4	PS (plant shape)	QTL analysis	LjMG RIL population (Miyakojima MG- 20 x Gifu B-129)	RIL	TM0805	Lj3.0	Lj3.0_chr1	42910317	42910477	NA	Lj3.0_chr1	0	0	54.2	5.81	NA	10.1139/G07-040	t34305.M000677.1	NA
t34305.T000134	NA	4	PS (plant shape)	QTL analysis	LjMG RIL population (Miyakojima MG- 20 x Gifu B-129)	RIL	TM1150	Lj3.0	Lj3.0_chr2	21552345	21552501	TM0076	Lj3.0_chr2	22434136	22434294	41.7	3.42	NA	10.1139/G07-040	t34305.M000753.1	t34305.M000234.1
t34305.T000135	NA	4	PS (plant shape)	QTL analysis	LjMG RIL population (Miyakojima MG- 20 x Gifu B-129)	RIL	TM0302	Lj3.0	Lj3.0_chr6	4957592	4957735	NA	Lj3.0_chr6	0	0	13.9	3.22	NA	10.1139/G07-040	t34305.M000431.1	NA
t34305.T000136	NA	4	PS (plant shape)	QTL analysis	LjMG RIL population (Miyakojima MG- 20 x Gifu B-129)	RIL	TM0041	Lj3.0	Lj3.0_chr6	11873366	11873539	TM0013	Lj3.0_chr6	14155490	14155696	37.4	4.66	NA	10.1139/G07-040	t34305.M000201.1	t34305.M000175.1
t34305.T000137	NA	4	ST (stem thickness)	QTL analysis	LjMG RIL population (Miyakojima MG- 20 x Gifu B-129)	RIL	TM0295	Lj3.0	Lj3.0_chr1	52855524	52855640	NA	Lj3.0_chr1	0	0	68.2	3.75	NA	10.1139/G07-040	t34305.M000426.1	NA
t34305.T000138	NA	4	ST (stem thickness)	QTL analysis	LjMG RIL population (Miyakojima MG- 20 x Gifu B-129)	RIL	TM0046	Lj3.0	Lj3.0_chr4	35799746	35799901	TM0266	Lj3.0_chr4	38566944	38567108	59.7	4.57	NA	10.1139/G07-040	t34305.M000206.1	t34305.M000407.1
t34305.T000139	NA	4	SC (stem color)	QTL analysis	LjMG RIL population (Miyakojima MG- 20 x Gifu B-129)	RIL	TM0225	Lj3.0	Lj3.0_chr2	16495426	16495545	BM1626	Lj3.0_chr2	18310832	18310982	26	36.9	NA	10.1139/G07-040	t34305.M000373.1	t34305.M000027.1
t34305.T000140	NA	4	SC (stem color)	QTL analysis	LjMG RIL population (Miyakojima MG- 20 x Gifu B-129)	RIL	TM0225	Lj3.0	Lj3.0_chr2	16495426	16495545	BM1626	Lj3.0_chr2	18310832	18310982	28	26.6	NA	10.1139/G07-040	t34305.M000373.1	t34305.M000027.1
t34305.T000141	NA	4	LL (leaf length)	QTL analysis	LjMG RIL population (Miyakojima MG- 20 x Gifu B-129)	RIL	TM0080	Lj3.0	Lj3.0_chr3	6144060	6144197	TM0996	Lj3.0_chr3	11233257	11233411	18.3	4.04	NA	10.1139/G07-040	t34305.M000238.1	t34305.M000732.1
t34305.T000142	NA	4	LL (leaf length)	QTL analysis	LjMG RIL population (Miyakojima MG- 20 x Gifu B-129)	RIL	TM0048	Lj3.0	Lj3.0_chr5	22492896	22493058	TM0299	Lj3.0_chr5	21850837	21850951	32.8	5.77	NA	10.1139/G07-040	t34305.M000208.1	t34305.M000429.1
t34305.T000143	NA	4	LL (leaf length)	QTL analysis	LjMG RIL population (Miyakojima MG- 20 x Gifu B-129)	RIL	TM0048	Lj3.0	Lj3.0_chr5	22492896	22493058	TM0299	Lj3.0_chr5	21850837	21850951	33	3.81	NA	10.1139/G07-040	t34305.M000208.1	t34305.M000429.1
t34305.T000144	NA	4	LW (leaf width)	QTL analysis	LjMG RIL population (Miyakojima MG- 20 x Gifu B-129)	RIL	TM0122	Lj3.0	Lj3.0_chr1	58546864	58546987	TM0105	Lj3.0_chr1	61873540	61873679	76.2	4.16	NA	10.1139/G07-040	t34305.M000279.1	t34305.M000262.1
t34305.T000145	NA	4	LW (leaf width)	QTL analysis	LjMG RIL population (Miyakojima MG- 20 x Gifu B-129)	RIL	BM1626	Lj3.0	Lj3.0_chr2	18310832	18310982	NA	Lj3.0_chr2	0	0	31.1	3.38	NA	10.1139/G07-040	t34305.M000027.1	NA
t34305.T000146	NA	4	LW (leaf width)	QTL analysis	LjMG RIL population (Miyakojima MG- 20 x Gifu B-129)	RIL	TM0080	Lj3.0	Lj3.0_chr3	6144060	6144197	TM0996	Lj3.0_chr3	11233257	11233411	19.3	4.36	NA	10.1139/G07-040	t34305.M000238.1	t34305.M000732.1
t34305.T000147	NA	4	LW (leaf width)	QTL analysis	LjMG RIL population (Miyakojima MG- 20 x Gifu B-129)	RIL	TM0127	Lj3.0	Lj3.0_chr3	44348170	44348301	NA	Lj3.0_chr3	0	0	84.1	3.21	NA	10.1139/G07-040	t34305.M000284.1	NA
t34305.T000148	NA	4	LW (leaf width)	QTL analysis	LjMG RIL population (Miyakojima MG- 20 x Gifu B-129)	RIL	TM0299	Lj3.0	Lj3.0_chr5	21850837	21850951	TM0186	Lj3.0_chr5	20644864	20644999	34.2	8.72	NA	10.1139/G07-040	t34305.M000429.1	t34305.M000337.1
t34305.T000149	NA	4	LW (leaf width)	QTL analysis	LjMG RIL population (Miyakojima MG- 20 x Gifu B-129)	RIL	TM0299	Lj3.0	Lj3.0_chr5	21850837	21850951	TM0186	Lj3.0_chr5	20644864	20644999	35.2	3.68	NA	10.1139/G07-040	t34305.M000429.1	t34305.M000337.1
t34305.T000150	NA	4	PR (plant regrowth)	QTL analysis	LjMG RIL population (Miyakojima MG- 20 x Gifu B-129)	RIL	TM0555	Lj3.0	Lj3.0_chr4	33945206	33945388	TM0046	Lj3.0_chr4	35799746	35799901	53.1	3.4	NA	10.1139/G07-040	t34305.M000578.1	t34305.M000206.1
t34305.T000151	NA	4	PR (plant regrowth)	QTL analysis	LjMG RIL population (Miyakojima MG- 20 x Gifu B-129)	RIL	TM0041	Lj3.0	Lj3.0_chr6	11873366	11873539	TM0013	Lj3.0_chr6	14155490	14155696	33.4	6.09	NA	10.1139/G07-040	t34305.M000201.1	t34305.M000175.1
t34305.T000152	NA	4	POL (pod length)	QTL analysis	LjMG RIL population (Miyakojima MG- 20 x Gifu B-129)	RIL	TM0122	Lj3.0	Lj3.0_chr1	58546864	58546987	TM0105	Lj3.0_chr1	61873540	61873679	73.2	9.18	NA	10.1139/G07-040	t34305.M000279.1	t34305.M000262.1
t34305.T000153	NA	4	POL (pod length)	QTL analysis	LjMG RIL population (Miyakojima MG- 20 x Gifu B-129)	RIL	TM0122	Lj3.0	Lj3.0_chr1	58546864	58546987	TM0105	Lj3.0_chr1	61873540	61873679	72.2	4.86	NA	10.1139/G07-040	t34305.M000279.1	t34305.M000262.1
t34305.T000154	NA	4	POL (pod length)	QTL analysis	LjMG RIL population (Miyakojima MG- 20 x Gifu B-129)	RIL	TM0034	Lj3.0	Lj3.0_chr5	4130584	4130767	TM0146	Lj3.0_chr5	581656	581803	56.6	3.76	NA	10.1139/G07-040	t34305.M000195.1	t34305.M000302.1
t34305.T000155	NA	4	POL (pod length)	QTL analysis	LjMG RIL population (Miyakojima MG- 20 x Gifu B-129)	RIL	TM0055	Lj3.0	Lj3.0_chr6	25294502	25294649	NA	Lj3.0_chr6	0	0	60.5	5.18	NA	10.1139/G07-040	t34305.M000214.1	NA
t34305.T000156	NA	4	SPO (seed per pod)	QTL analysis	LjMG RIL population (Miyakojima MG- 20 x Gifu B-129)	RIL	TM0050	Lj3.0	Lj3.0_chr1	20248102	20248251	TM0372	Lj3.0_chr1	23470662	23470768	11.8	3.36	NA	10.1139/G07-040	t34305.M000210.1	t34305.M000488.1
t34305.T000157	NA	4	SPO (seed per pod)	QTL analysis	LjMG RIL population (Miyakojima MG- 20 x Gifu B-129)	RIL	TM0012	Lj3.0	Lj3.0_chr1	55351273	55351417	TM1150	Lj3.0_chr1	21552345	21552501	37.9	6.89	NA	10.1139/G07-040	t34305.M000174.1	t34305.M000753.1
t34305.T000158	NA	4	SPO (seed per pod)	QTL analysis	LjMG RIL population (Miyakojima MG- 20 x Gifu B-129)	RIL	TM0012	Lj3.0	Lj3.0_chr1	55351273	55351417	TM1150	Lj3.0_chr1	21552345	21552501	38.9	3.52	NA	10.1139/G07-040	t34305.M000174.1	t34305.M000753.1
t34305.T000159	NA	4	SPO (seed per pod)	QTL analysis	LjMG RIL population (Miyakojima MG- 20 x Gifu B-129)	RIL	TM0428	Lj3.0	Lj3.0_chr5	7127906	7128049	TM0034	Lj3.0_chr5	4130584	4130767	52.4	4.03	NA	10.1139/G07-040	t34305.M000519.1	t34305.M000195.1
t34305.T000160	NA	4	SM (seed mass)	QTL analysis	LjMG RIL population (Miyakojima MG- 20 x Gifu B-129)	RIL	TM0122	Lj3.0	Lj3.0_chr1	58546864	58546987	TM0105	Lj3.0_chr1	61873540	61873679	73.2	7.12	NA	10.1139/G07-040	t34305.M000279.1	t34305.M000262.1
t34305.T000161	NA	4	SM (seed mass)	QTL analysis	LjMG RIL population (Miyakojima MG- 20 x Gifu B-129)	RIL	TM0074	Lj3.0	Lj3.0_chr2	7041149	7041313	TM0310	Lj3.0_chr2	11670140	11670289	9.4	7.24	NA	10.1139/G07-040	t34305.M000232.1	t34305.M000438.1
t34305.T000162	NA	4	SM (seed mass)	QTL analysis	LjMG RIL population (Miyakojima MG- 20 x Gifu B-129)	RIL	TM0065	Lj3.0	Lj3.0_chr2	13169114	13169228	TM0400	Lj3.0_chr2	15423964	15424091	19	11.74	NA	10.1139/G07-040	t34305.M000224.1	t34305.M000504.1
t34305.T000163	NA	4	SM (seed mass)	QTL analysis	LjMG RIL population (Miyakojima MG- 20 x Gifu B-129)	RIL	TM0126	Lj3.0	Lj3.0_chr4	19378122	19378302	NA	Lj3.0_chr4	0	0	25	4.31	NA	10.1139/G07-040	t34305.M000283.1	NA
t34305.T000164	NA	4	SM (seed mass)	QTL analysis	LjMG RIL population (Miyakojima MG- 20 x Gifu B-129)	RIL	TM0046	Lj3.0	Lj3.0_chr4	35799746	35799901	TM0266	Lj3.0_chr4	38566944	38567108	57.5	3.93	NA	10.1139/G07-040	t34305.M000206.1	t34305.M000407.1
t34305.T000165	NA	4	SM (seed mass)	QTL analysis	LjMG RIL population (Miyakojima MG- 20 x Gifu B-129)	RIL	TM0266	Lj3.0	Lj3.0_chr4	38566944	38567108	TM0097	Lj3.0_chr4	41452428	41452611	65.4	3.12	NA	10.1139/G07-040	t34305.M000407.1	t34305.M000255.1
t34305.T000166	NA	4	SM (seed mass)	QTL analysis	LjMG RIL population (Miyakojima MG- 20 x Gifu B-129)	RIL	TM0095	Lj3.0	Lj3.0_chr5	25291632	25291802	TM0909	Lj3.0_chr5	24208865	24209009	21.6	3.52	NA	10.1139/G07-040	t34305.M000253.1	t34305.M000711.1
t34305.T000167	NA	4	SM (seed mass)	QTL analysis	LjMG RIL population (Miyakojima MG- 20 x Gifu B-129)	RIL	TM0050	Lj3.0	Lj3.0_chr1	20248102	20248251	TM0372	Lj3.0_chr1	23470662	23470768	13.8	4.5	NA	10.1139/G07-040	t34305.M000210.1	t34305.M000488.1
t34305.T000168	NA	4	SM (seed mass)	QTL analysis	LjMG RIL population (Miyakojima MG- 20 x Gifu B-129)	RIL	TM0134	Lj3.0	Lj3.0_chr2	3625302	3625437	NA	Lj3.0_chr2	0	0	2.4	2.61	NA	10.1139/G07-040	t34305.M000290.1	NA
t34305.T000169	NA	4	SM (seed mass)	QTL analysis	LjMG RIL population (Miyakojima MG- 20 x Gifu B-129)	RIL	TM0087	Lj3.0	Lj3.0_chr4	24444265	24444405	NA	Lj3.0_chr4	0	0	28.6	2.58	NA	10.1139/G07-040	t34305.M000245.1	NA
t34305.T000170	NA	4	SM (seed mass)	QTL analysis	LjMG RIL population (Miyakojima MG- 20 x Gifu B-129)	RIL	TM0366	Lj3.0	Lj3.0_chr5	30610765	30610950	TM0710	Lj3.0_chr5	29573935	29574103	6.1	3.53	NA	10.1139/G07-040	t34305.M000482.1	t34305.M000648.1
t34305.T000171	NA	4	SM (seed mass)	QTL analysis	LjMG RIL population (Miyakojima MG- 20 x Gifu B-129)	RIL	TM0336	Lj3.0	Lj3.0_chr6	24123928	24124092	NA	Lj3.0_chr6	0	0	56.7	4.37	NA	10.1139/G07-040	t34305.M000461.1	NA
t34305.T000172	NA	4	Shoot dry mass (control)	QTL analysis	LjMG RIL population (Miyakojima MG- 20 x Gifu B-129)	RIL	TM0035	Lj3.0	Lj3.0_chr3	14526694	14526804	TM0110	Lj3.0_chr3	22755676	22755812	30	2.67	0.0034	10.1111/pce.12268	t34305.M000196.1	t34305.M000267.1
t34305.T000173	NA	4	Pod dry mass (control)	QTL analysis	LjMG RIL population (Miyakojima MG- 20 x Gifu B-130)	RIL	TM0657	Lj3.0	Lj3.0_chr5	11119564	11119695	TM0428	Lj3.0_chr5	7127906	7128049	48.1	2.13	0.0108	10.1111/pce.12268	t34305.M000621.1	t34305.M000519.1
t34305.T000174	NA	4	Total primary shoot length (control)	QTL analysis	LjMG RIL population (Miyakojima MG- 20 x Gifu B-131)	RIL	TM0113	Lj3.0	Lj3.0_chr1	38738303	38738438	TM0805	Lj3.0_chr1	42910317	42910477	45	4.84	0.0001	10.1111/pce.12268	t34305.M000270.1	t34305.M000677.1
t34305.T000175	NA	4	Total primary shoot length (control)	QTL analysis	LjMG RIL population (Miyakojima MG- 20 x Gifu B-132)	RIL	TM0035	Lj3.0	Lj3.0_chr3	14526694	14526804	TM0110	Lj3.0_chr3	22755676	22755812	29	2.52	0.0053	10.1111/pce.12268	t34305.M000196.1	t34305.M000267.1
t34305.T000176	NA	4	Root dry mass (control)	QTL analysis	LjMG RIL population (Miyakojima MG- 20 x Gifu B-133)	RIL	TM0295	Lj3.0	Lj3.0_chr1	52855524	52855640	TM0122	Lj3.0_chr1	58546864	58546987	64	1.68	0.0363	10.1111/pce.12268	t34305.M000426.1	t34305.M000279.1
t34305.T000177	NA	4	Primary shoot number (control)	QTL analysis	LjMG RIL population (Miyakojima MG- 20 x Gifu B-134)	RIL	TM0222	Lj3.0	Lj3.0_chr1	46012439	46012589	TM0009	Lj3.0_chr1	49389836	49389985	54	7.47	0.0001	10.1111/pce.12268	t34305.M000370.1	t34305.M000171.1
t34305.T000178	NA	4	Total primary shoot length (control)	QTL analysis	LjMG RIL population (Miyakojima MG- 20 x Gifu B-135)	RIL	TM0756	Lj3.0	Lj3.0_chr6	21783429	21783556	TM0336	Lj3.0_chr6	24123928	24124092	53.3	3.91	0.0003	10.1111/pce.12268	t34305.M000664.1	t34305.M000461.1
t34305.T000179	NA	4	Number of secondary branches (control)	QTL analysis	LjMG RIL population (Miyakojima MG- 20 x Gifu B-136)	RIL	TM0281	Lj3.0	Lj3.0_chr4	18526673	18526806	TM0426	Lj3.0_chr4	15411177	15411300	24.6	4.27	0.0001	10.1111/pce.12268	t34305.M000416.1	t34305.M000518.1
t34305.T000180	NA	4	Stomatal conductance (control)	QTL analysis	LjMG RIL population (Miyakojima MG- 20 x Gifu B-137)	RIL	TM0341	Lj3.0	Lj3.0_chr5	18517193	18517309	TM0657	Lj3.0_chr5	11119564	11119695	43.2	5.13	0.0001	10.1111/pce.12268	t34305.M000465.1	t34305.M000621.1
t34305.T000181	NA	4	Shoot dry mass (control)	QTL analysis	LjMG RIL population (Miyakojima MG- 20 x Gifu B-138)	RIL	TM0341	Lj3.0	Lj3.0_chr5	18517193	18517309	TM0657	Lj3.0_chr5	11119564	11119695	43.2	4.54	0.0001	10.1111/pce.12268	t34305.M000465.1	t34305.M000621.1
t34305.T000182	NA	4	Root dry mass (control)	QTL analysis	LjMG RIL population (Miyakojima MG- 20 x Gifu B-139)	RIL	TM0426	Lj3.0	Lj3.0_chr3	15411177	15411300	TM0087	Lj3.0_chr3	24444265	24444405	27	1.7	0.0344	10.1111/pce.12268	t34305.M000518.1	t34305.M000245.1
t34305.T000183	NA	4	Root absorption surface (control)	QTL analysis	LjMG RIL population (Miyakojima MG- 20 x Gifu B-140)	RIL	TM0034	Lj3.0	Lj3.0_chr5	4130584	4130767	TM0146	Lj3.0_chr5	581656	581803	53.2	5.25	0.0001	10.1111/pce.12268	t34305.M000195.1	t34305.M000302.1
t34305.T000184	NA	4	Number of secondary branches (control)	QTL analysis	LjMG RIL population (Miyakojima MG- 20 x Gifu B-141)	RIL	TM0034	Lj3.0	Lj3.0_chr5	4130584	4130767	TM0146	Lj3.0_chr5	581656	581803	55.2	5.41	0.0001	10.1111/pce.12268	t34305.M000195.1	t34305.M000302.1
t34305.T000185	NA	4	Chlorophyll levels (control)	QTL analysis	LjMG RIL population (Miyakojima MG- 20 x Gifu B-142)	RIL	TM0120	Lj3.0	Lj3.0_chr2	19868663	19868765	TM1150	Lj3.0_chr2	21552345	21552501	40.2	2.49	0.0057	10.1111/pce.12268	t34305.M000277.1	t34305.M000753.1
t34305.T000186	NA	4	Chlorophyll levels (control)	QTL analysis	LjMG RIL population (Miyakojima MG- 20 x Gifu B-143)	RIL	TM0657	Lj3.0	Lj3.0_chr5	11119564	11119695	TM0428	Lj3.0_chr5	7127906	7128049	45.2	3.6	0.0006	10.1111/pce.12268	t34305.M000621.1	t34305.M000519.1
t34305.T000187	NA	4	Shoot dry mass (waterlogging)	QTL analysis	LjMG RIL population (Miyakojima MG- 20 x Gifu B-144)	RIL	TM0035	Lj3.0	Lj3.0_chr3	14526694	14526804	TM0110	Lj3.0_chr3	22755676	22755812	30	2.35	0.0068	10.1111/pce.12268	t34305.M000196.1	t34305.M000267.1
t34305.T000188	NA	4	Pod dry mass (waterlogging)	QTL analysis	LjMG RIL population (Miyakojima MG- 20 x Gifu B-145)	RIL	TM0657	Lj3.0	Lj3.0_chr5	11119564	11119695	TM0428	Lj3.0_chr5	7127906	7128049	48.1	2.23	0.0079	10.1111/pce.12268	t34305.M000621.1	t34305.M000519.1
t34305.T000189	NA	4	Total primary shoot length (waterlogging)	QTL analysis	LjMG RIL population (Miyakojima MG- 20 x Gifu B-146)	RIL	TM0113	Lj3.0	Lj3.0_chr1	38738303	38738438	TM0805	Lj3.0_chr1	42910317	42910477	45	2.4	0.0069	10.1111/pce.12268	t34305.M000270.1	t34305.M000677.1
t34305.T000190	NA	4	Total primary shoot length (waterlogging)	QTL analysis	LjMG RIL population (Miyakojima MG- 20 x Gifu B-147)	RIL	TM0035	Lj3.0	Lj3.0_chr3	14526694	14526804	TM0110	Lj3.0_chr3	22755676	22755812	29	2.28	0.0089	10.1111/pce.12268	t34305.M000196.1	t34305.M000267.1
t34305.T000191	NA	4	Root dry mass (waterlogging)	QTL analysis	LjMG RIL population (Miyakojima MG- 20 x Gifu B-148)	RIL	TM0009	Lj3.0	Lj3.0_chr1	49389836	49389985	TM0295	Lj3.0_chr1	52855524	52855640	61	3.53	0.0009	10.1111/pce.12268	t34305.M000171.1	t34305.M000426.1
t34305.T000192	NA	4	Primary shoot number (waterlogging)	QTL analysis	LjMG RIL population (Miyakojima MG- 20 x Gifu B-149)	RIL	TM0805	Lj3.0	Lj3.0_chr1	42910317	42910477	TM0222	Lj3.0_chr1	46012439	46012589	51	8.04	0.0001	10.1111/pce.12268	t34305.M000677.1	t34305.M000370.1
t34305.T000193	NA	4	Total primary shoot length (waterlogging)	QTL analysis	LjMG RIL population (Miyakojima MG- 20 x Gifu B-150)	RIL	TM0013	Lj3.0	Lj3.0_chr6	14155490	14155696	TM0880	Lj3.0_chr6	16717630	16717805	42.3	2.42	0.0066	10.1111/pce.12268	t34305.M000175.1	t34305.M000705.1
t34305.T000194	NA	4	Number of secondary branches (waterlogging)	QTL analysis	LjMG RIL population (Miyakojima MG- 20 x Gifu B-151)	RIL	TM0426	Lj3.0	Lj3.0_chr3	15411177	15411300	TM0087	Lj3.0_chr3	24444265	24444405	28	2.8	0.003	10.1111/pce.12268	t34305.M000518.1	t34305.M000245.1
t34305.T000195	NA	4	Stomatal conductance (waterlogging)	QTL analysis	LjMG RIL population (Miyakojima MG- 20 x Gifu B-152)	RIL	TM0341	Lj3.0	Lj3.0_chr5	18517193	18517309	TM0657	Lj3.0_chr5	11119564	11119695	42.2	4.08	0.0001	10.1111/pce.12268	t34305.M000465.1	t34305.M000621.1
t34305.T000196	NA	4	Shoot dry mass (waterlogging)	QTL analysis	LjMG RIL population (Miyakojima MG- 20 x Gifu B-153)	RIL	TM0186	Lj3.0	Lj3.0_chr5	20644864	20644999	TM0341	Lj3.0_chr5	18517193	18517309	37.2	3.73	0.0004	10.1111/pce.12268	t34305.M000337.1	t34305.M000465.1
t34305.T000197	NA	4	Root dry mass (waterlogging)	QTL analysis	LjMG RIL population (Miyakojima MG- 20 x Gifu B-154)	RIL	TM1417	Lj3.0	Lj3.0_chr6	1055655	1055825	TM0095	Lj3.0_chr6	25291632	25291802	18.2	2.27	0.0112	10.1111/pce.12268	t34305.M000801.1	t34305.M000253.1
t34305.T000198	NA	4	Pod dry mass (waterlogging)	QTL analysis	LjMG RIL population (Miyakojima MG- 20 x Gifu B-155)	RIL	TM0122	Lj3.0	Lj3.0_chr1	58546864	58546987	TM0105	Lj3.0_chr1	61873540	61873679	71	2.43	0.005	10.1111/pce.12268	t34305.M000279.1	t34305.M000262.1
t34305.T000199	NA	4	Primary shoot number (waterlogging)	QTL analysis	LjMG RIL population (Miyakojima MG- 20 x Gifu B-156)	RIL	TM0194	Lj3.0	Lj3.0_chr4	13253314	13253436	TM0281	Lj3.0_chr4	18526673	18526806	23	3.12	0.0015	10.1111/pce.12268	t34305.M000344.1	t34305.M000416.1
