対象	学名	和名	科目	ID	Scientific Name	Common Name	Family Name	ID	PO:food part	EnvO	Foodon	URL_en	URL_ja	Genome	Assembly	Assembly2	Assembly3
	*Actinidia chinensis*	キウイフルーツ	マタタビ科	t3625	*Actinidia chinensis*	Kiwifruit	Actinidiaceae	t3625				https://plantgarden.jp/en/list/t3625	https://plantgarden.jp/ja/list/t3625	https://plantgarden.jp/en/list/t3625/genome	https://plantgarden.jp/en/list/t3625/genome/t3625.G001		
	*Aegilops tauschii*	タルホコムギ	イネ科	t37682	*Aegilops tauschii*	Tausch's goatgrass	Poaceae	t37682				https://plantgarden.jp/en/list/t37682	https://plantgarden.jp/ja/list/t37682	https://plantgarden.jp/en/list/t37682/genome	https://plantgarden.jp/en/list/t37682/genome/t37682.G001		
	*Ananas comosus*	パイナップル	パイナップル科	t4615	*Ananas comosus*	Pineapple	Bromeliaceae	t4615				https://plantgarden.jp/en/list/t4615	https://plantgarden.jp/ja/list/t4615	https://plantgarden.jp/en/list/t4615/genome	https://plantgarden.jp/en/list/t4615/genome/t4615.G001		
	*Arabidopsis thaliana*	シロイヌナズナ	アブラナ科	t3702	*Arabidopsis thaliana*		Brassicaceae	t3702				https://plantgarden.jp/en/list/t3702	https://plantgarden.jp/ja/list/t3702	https://plantgarden.jp/en/list/t3702/genome	https://plantgarden.jp/en/list/t3702/genome/t3702.G001		
	*Arabis alpina*	ヤマハタザオ	マメ科	t50452	*Arabis alpina*	Alpine rock cress	Fabaceae	t50452				https://plantgarden.jp/en/list/t50452	https://plantgarden.jp/ja/list/t50452	https://plantgarden.jp/en/list/t50452/genome	https://plantgarden.jp/en/list/t50452/genome/t50452.G001		
	*Arachis duranensis*	アラキスデュラネンシス	マメ科	t130453	*Arachis duranensis*	Arachis duranensis	Fabaceae	t130453				https://plantgarden.jp/en/list/t130453	https://plantgarden.jp/ja/list/t130453	https://plantgarden.jp/en/list/t130453/genome	https://plantgarden.jp/en/list/t130453/genome/t130453.G001		
	*Arachis hypogaea*	ラッカセイ	マメ科	t3818	*Arachis hypogaea*	Peanut	Fabaceae	t3818				https://plantgarden.jp/en/list/t3818	https://plantgarden.jp/ja/list/t3818	https://plantgarden.jp/en/list/t3818/genome	https://plantgarden.jp/en/list/t3818/genome/t3818.G001		
	*Arachis ipaensis*	アラキスイパエンシス	マメ科	t130454	*Arachis ipaensis*	Arachis ipaensis	Fabaceae	t130454				https://plantgarden.jp/en/list/t130454	https://plantgarden.jp/ja/list/t130454	https://plantgarden.jp/en/list/t130454/genome	https://plantgarden.jp/en/list/t130454/genome/t130454.G001		
	*Beta vulgaris*	ビート	ヒユ科	t161934	*Beta vulgaris*	Beet	Amaranthaceae	t161934				https://plantgarden.jp/en/list/t161934	https://plantgarden.jp/ja/list/t161934	https://plantgarden.jp/en/list/t161934/genome	https://plantgarden.jp/en/list/t161934/genome/t161934.G001		
	*Brachypodium distachyon*	ミナトカモジグサ	イネ科	t15368	*Brachypodium distachyon*	Stiff brome	Poaceae	t15368				https://plantgarden.jp/en/list/t15368	https://plantgarden.jp/ja/list/t15368	https://plantgarden.jp/en/list/t15368/genome	https://plantgarden.jp/en/list/t15368/genome/t15368.G001		
	*Brassica napus*	セイヨウアブラナ	アブラナ科	t3708	*Brassica napus*	Rapeseed	Brassicaceae	t3708				https://plantgarden.jp/en/list/t3708	https://plantgarden.jp/ja/list/t3708	https://plantgarden.jp/en/list/t3708/genome	https://plantgarden.jp/en/list/t3708/genome/t3708.G001		
	*Brassica oleracea*	ヤセイカンラン	アブラナ科	t3712	*Brassica oleracea*		Brassicaceae	t3712				https://plantgarden.jp/en/list/t3712	https://plantgarden.jp/ja/list/t3712	https://plantgarden.jp/en/list/t3712/genome	https://plantgarden.jp/en/list/t3712/genome/t3712.G001		
	*Brassica oleracea* var. *capitata*	キャベツ	アブラナ科	t3712	*Brassica oleracea* var. *capitata*		Brassicaceae	t3712				https://plantgarden.jp/en/list/t3712	https://plantgarden.jp/ja/list/t3712	https://plantgarden.jp/en/list/t3712/genome	https://plantgarden.jp/en/list/t3712/genome/t3712.G001		
	*Brassica oleracea* var. *italica*	ブロッコリー	アブラナ科	t3712	*Brassica oleracea* var. *italica*		Brassicaceae	t3712				https://plantgarden.jp/en/list/t3712	https://plantgarden.jp/ja/list/t3712	https://plantgarden.jp/en/list/t3712/genome	https://plantgarden.jp/en/list/t3712/genome/t3712.G001		
	*Brassica oleracea* var. *sabauda*	チリメンキャベツ	アブラナ科	t3712	*Brassica oleracea* var. *sabauda*		Brassicaceae	t3712				https://plantgarden.jp/en/list/t3712	https://plantgarden.jp/ja/list/t3712	https://plantgarden.jp/en/list/t3712/genome	https://plantgarden.jp/en/list/t3712/genome/t3712.G001		
	*Brassica oleracea* var. *viridis*	ケール	アブラナ科	t3712	*Brassica oleracea* var. *viridis*	Kale	Brassicaceae	t3712				https://plantgarden.jp/en/list/t3712	https://plantgarden.jp/ja/list/t3712	https://plantgarden.jp/en/list/t3712/genome	https://plantgarden.jp/en/list/t3712/genome/t3712.G001		
	*Brassica rapa*	ブラシカラパ	アブラナ科	t3711	*Brassica rapa*		Brassicaceae	t3711				https://plantgarden.jp/en/list/t3711	https://plantgarden.jp/ja/list/t3711	https://plantgarden.jp/en/list/t3711/genome	https://plantgarden.jp/en/list/t3711/genome/t3711.G001		
	*Brassica rapa* subsp. *campestris*	アブラナ(campestris)	アブラナ科	t3711	*Brassica rapa* subsp. *campestris*		Brassicaceae	t3711				https://plantgarden.jp/en/list/t3711	https://plantgarden.jp/ja/list/t3711	https://plantgarden.jp/en/list/t3711/genome	https://plantgarden.jp/en/list/t3711/genome/t3711.G001		
	*Brassica rapa* subsp. *chinensis*	チンゲンサイ	アブラナ科	t3711	*Brassica rapa* subsp. *chinensis*		Brassicaceae	t3711				https://plantgarden.jp/en/list/t3711	https://plantgarden.jp/ja/list/t3711	https://plantgarden.jp/en/list/t3711/genome	https://plantgarden.jp/en/list/t3711/genome/t3711.G001		
	*Brassica rapa* subsp. *oleifera*	アブラナ(oleifera)	アブラナ科	t3711	*Brassica rapa* subsp. *oleifera*		Brassicaceae	t3711				https://plantgarden.jp/en/list/t3711	https://plantgarden.jp/ja/list/t3711	https://plantgarden.jp/en/list/t3711/genome	https://plantgarden.jp/en/list/t3711/genome/t3711.G001		
1	*Brassica rapa* subsp. *pekinensis*	ハクサイ	アブラナ科	t3711	*Brassica rapa* subsp. *pekinensis*	Chinese cabbage	Brassicaceae	t3711	http://purl.obolibrary.org/obo/PO_0025034	http://purl.obolibrary.org/obo/ENVO_00001998	http://purl.obolibrary.org/obo/FOODON_03411051	https://plantgarden.jp/en/list/t3711	https://plantgarden.jp/ja/list/t3711	https://plantgarden.jp/en/list/t3711/genome	https://plantgarden.jp/en/list/t3711/genome/t3711.G001		
	*Brassica rapa* var. *purpurea*	コウサイタイ	アブラナ科	t3711	*Brassica rapa* var. *purpurea*		Brassicaceae	t3711				https://plantgarden.jp/en/list/t3711	https://plantgarden.jp/ja/list/t3711	https://plantgarden.jp/en/list/t3711/genome	https://plantgarden.jp/en/list/t3711/genome/t3711.G001		
	*Brassica rapa* subsp. *rapa*	カブ	アブラナ科	t3711	*Brassica rapa* subsp. *rapa*		Brassicaceae	t3711				https://plantgarden.jp/en/list/t3711	https://plantgarden.jp/ja/list/t3711	https://plantgarden.jp/en/list/t3711/genome	https://plantgarden.jp/en/list/t3711/genome/t3711.G001		
	*Brassica rapa* subsp. *trilocularis*	イエローサルソン	アブラナ科	t3711	*Brassica rapa* subsp. *trilocularis*		Brassicaceae	t3711				https://plantgarden.jp/en/list/t3711	https://plantgarden.jp/ja/list/t3711	https://plantgarden.jp/en/list/t3711/genome	https://plantgarden.jp/en/list/t3711/genome/t3711.G001		
	*Cajanus cajan*	キマメ	マメ科	t3821	*Cajanus cajan*	Pigeon pea	Fabaceae	t3821				https://plantgarden.jp/en/list/t3821	https://plantgarden.jp/ja/list/t3821	https://plantgarden.jp/en/list/t3821/genome	https://plantgarden.jp/en/list/t3821/genome/t3821.G001		
	*Capsicum annuum*	トウガラシ	ナス科	t4072	*Capsicum annuum*	Chilli pepper	Solanaceae	t4072				https://plantgarden.jp/en/list/t4072	https://plantgarden.jp/ja/list/t4072	https://plantgarden.jp/en/list/t4072/genome	https://plantgarden.jp/en/list/t4072/genome/t4072.G001		
	*Capsicum annuum* var. *annuum*	トウガラシ	ナス科	t4072	*Capsicum annuum* var. *annuum*	Chilli pepper (annuum)	Solanaceae	t4072				https://plantgarden.jp/en/list/t4072	https://plantgarden.jp/ja/list/t4072	https://plantgarden.jp/en/list/t4072/genome	https://plantgarden.jp/en/list/t4072/genome/t4072.G001		
	*Capsicum annuum* var. *glabriusculum*	テピン	ナス科	t4072	*Capsicum annuum* var. *glabriusculum*	Chilli pepper (glabriusculum)	Solanaceae	t4072				https://plantgarden.jp/en/list/t4072	https://plantgarden.jp/ja/list/t4072	https://plantgarden.jp/en/list/t4072/genome	https://plantgarden.jp/en/list/t4072/genome/t4072.G001		
	*Chlamydomonas reinhardtii*	コナミドリムシ	クラミドモナス科	t3055	*Chlamydomonas reinhardtii*	Chlamydomonas	Chlamydomonadaceae	t3055				https://plantgarden.jp/en/list/t3055	https://plantgarden.jp/ja/list/t3055	https://plantgarden.jp/en/list/t3055/genome	https://plantgarden.jp/en/list/t3055/genome/t3055.G001		
	*Chromochloris zofingiensis*	クロレラ	クロモクロライド科	t31302	*Chromochloris zofingiensis*	Chlorella	Chromochloridaceae	t31302				https://plantgarden.jp/en/list/t31302	https://plantgarden.jp/ja/list/t31302	https://plantgarden.jp/en/list/t31302/genome	https://plantgarden.jp/en/list/t31302/genome/t31302.G001		
	*Chrysanthemum seticuspe*	キクタニギク	キク科	t1111766	*Chrysanthemum seticuspe*	Chrysanthemum	Asteraceae	t1111766				https://plantgarden.jp/en/list/t1111766	https://plantgarden.jp/ja/list/t1111766	https://plantgarden.jp/en/list/t1111766/genome	https://plantgarden.jp/en/list/t1111766/genome/t1111766.G001		
	*Cicer arietinum*	ヒヨコマメ	マメ科	t3827	*Cicer arietinum*	Chickpea	Fabaceae	t3827				https://plantgarden.jp/en/list/t3827	https://plantgarden.jp/ja/list/t3827	https://plantgarden.jp/en/list/t3827/genome	https://plantgarden.jp/en/list/t3827/genome/t3827.G001		
	*Citrullus lanatus*	スイカ	ウリ科	t3654	*Citrullus lanatus*	Woter melon	Cucurbitaceae	t3654				https://plantgarden.jp/en/list/t3654	https://plantgarden.jp/ja/list/t3654	https://plantgarden.jp/en/list/t3654/genome	https://plantgarden.jp/en/list/t3654/genome/t3654.G001		
	*Citrullus lanatus* subsp. *vulgaris*	スイカ(vulgaris)	ウリ科	t3654	*Citrullus lanatus* subsp. *vulgaris*		Cucurbitaceae	t3654				https://plantgarden.jp/en/list/t3654	https://plantgarden.jp/ja/list/t3654	https://plantgarden.jp/en/list/t3654/genome	https://plantgarden.jp/en/list/t3654/genome/t3654.G001		
	*Citrus maxima*	ブンタン	ミカン科	t37334	*Citrus maxima*	Pomelo	Rutaceae	t37334				https://plantgarden.jp/en/list/t37334	https://plantgarden.jp/ja/list/t37334	https://plantgarden.jp/en/list/t37334/genome	https://plantgarden.jp/en/list/t37334/genome/t37334.G001		
	*Citrus sinensis*	オレンジ	ミカン科	t2711	*Citrus sinensis*	Orange	Rutaceae	t2711				https://plantgarden.jp/en/list/t2711	https://plantgarden.jp/ja/list/t2711	https://plantgarden.jp/en/list/t2711/genome	https://plantgarden.jp/en/list/t2711/genome/t2711.G001		
	*Coffea canephora*	ロブスタコーヒーノキ	アカネ科	t49390	*Coffea canephora*	Robusta coffee	Rubiaceae	t49390				https://plantgarden.jp/en/list/t49390	https://plantgarden.jp/ja/list/t49390	https://plantgarden.jp/en/list/t49390/genome	https://plantgarden.jp/en/list/t49390/genome/t49390.G001		
	*Cucumis melo*	メロン	ウリ科	t3656	*Cucumis melo*	Melon	Cucurbitaceae	t3656				https://plantgarden.jp/en/list/t3656	https://plantgarden.jp/ja/list/t3656	https://plantgarden.jp/en/list/t3656/genome	https://plantgarden.jp/en/list/t3656/genome/t3656.G001		
	*Cucumis melo* subsp. *agrestis*	ザッソウメロン	ウリ科	t3656	*Cucumis melo* subsp. *agrestis*		Cucurbitaceae	t3656				https://plantgarden.jp/en/list/t3656	https://plantgarden.jp/ja/list/t3656	https://plantgarden.jp/en/list/t3656/genome	https://plantgarden.jp/en/list/t3656/genome/t3656.G001		
	*Cucumis melo* subsp. *melo*	メロン	ウリ科	t3656	*Cucumis melo* subsp. *melo*		Cucurbitaceae	t3656				https://plantgarden.jp/en/list/t3656	https://plantgarden.jp/ja/list/t3656	https://plantgarden.jp/en/list/t3656/genome	https://plantgarden.jp/en/list/t3656/genome/t3656.G001		
	*Cucumis sativus*	キュウリ	ウリ科	t3659	*Cucumis sativus*	Cucumber	Cucurbitaceae	t3659				https://plantgarden.jp/en/list/t3659	https://plantgarden.jp/ja/list/t3659	https://plantgarden.jp/en/list/t3659/genome	https://plantgarden.jp/en/list/t3659/genome/t3659.G001		
	*Cucumis sativus* var. *hardwickii*	キュウリ(hardwickii)	ウリ科	t3659	*Cucumis sativus* var. *hardwickii*		Cucurbitaceae	t3659				https://plantgarden.jp/en/list/t3659	https://plantgarden.jp/ja/list/t3659	https://plantgarden.jp/en/list/t3659/genome	https://plantgarden.jp/en/list/t3659/genome/t3659.G001		
	*Cucumis sativus* var. *sativus*	キュウリ	ウリ科	t3659	*Cucumis sativus* var. *sativus*	Cucumber	Cucurbitaceae	t3659				https://plantgarden.jp/en/list/t3659	https://plantgarden.jp/ja/list/t3659	https://plantgarden.jp/en/list/t3659/genome	https://plantgarden.jp/en/list/t3659/genome/t3659.G001		
	*Cucumis sativus* var. *xishuangbannanesis*	キュウリ(xishuangbannanesis)	ウリ科	t3659	*Cucumis sativus* var. *xishuangbannanesis*		Cucurbitaceae	t3659				https://plantgarden.jp/en/list/t3659	https://plantgarden.jp/ja/list/t3659	https://plantgarden.jp/en/list/t3659/genome	https://plantgarden.jp/en/list/t3659/genome/t3659.G001		
	*Cucurbita maxima*	セイヨウカボチャ	ウリ科	t3661	*Cucurbita maxima*	Winter squash	Cucurbitaceae	t3661				https://plantgarden.jp/en/list/t3661	https://plantgarden.jp/ja/list/t3661	https://plantgarden.jp/en/list/t3661/genome	https://plantgarden.jp/en/list/t3661/genome/t3661.G001		
	*Cucurbita moschata*	ニホンカボチャ	ウリ科	t3662	*Cucurbita moschata*	Crookneck pumpkin	Cucurbitaceae	t3662				https://plantgarden.jp/en/list/t3662	https://plantgarden.jp/ja/list/t3662	https://plantgarden.jp/en/list/t3662/genome	https://plantgarden.jp/en/list/t3662/genome/t3662.G001		
	*Cucurbita pepo*	ズッキーニ	ウリ科	t3663	*Cucurbita pepo*	Zucchini	Cucurbitaceae	t3663				https://plantgarden.jp/en/list/t3663	https://plantgarden.jp/ja/list/t3663	https://plantgarden.jp/en/list/t3663/genome	https://plantgarden.jp/en/list/t3663/genome/t3663.G001		
	*Cyanidioschyzon merolae*	シゾン	イデユコゴメ科	t45157	*Cyanidioschyzon merolae*	Chyzon	Cyanidiaceae	t45157				https://plantgarden.jp/en/list/t45157	https://plantgarden.jp/ja/list/t45157	https://plantgarden.jp/en/list/t45157/genome	https://plantgarden.jp/en/list/t45157/genome/t45157.G001		
	*Cynara cardunculus*	カルドン	キク科	t4265	*Cynara cardunculus*	Cardoon	Asteraceae	t4265				https://plantgarden.jp/en/list/t4265	https://plantgarden.jp/ja/list/t4265	https://plantgarden.jp/en/list/t4265/genome	https://plantgarden.jp/en/list/t4265/genome/t4265.G001		
	*Daucus carota*	ニンジン	セリ科	t4039	*Daucus carota*	Carrot	Apiaceae	t4039				https://plantgarden.jp/en/list/t4039	https://plantgarden.jp/ja/list/t4039	https://plantgarden.jp/en/list/t4039/genome	https://plantgarden.jp/en/list/t4039/genome/t4039.G001		
	*Dioscorea rotundata*	シロヤムイモ	ヤマノイモ科	t55577	*Dioscorea rotundata*	White yam	Dioscoreaceae	t55577				https://plantgarden.jp/en/list/t55577	https://plantgarden.jp/ja/list/t55577	https://plantgarden.jp/en/list/t55577/genome	https://plantgarden.jp/en/list/t55577/genome/t55577.G001		
	*Fagopyrum tataricum*	ダッタンソバ	タデ科	t62330	*Fagopyrum tataricum*	Tartary buckwheat	Polygonaceae	t62330				https://plantgarden.jp/en/list/t62330	https://plantgarden.jp/ja/list/t62330	https://plantgarden.jp/en/list/t62330/genome	https://plantgarden.jp/en/list/t62330/genome/t62330.G001		
	*Ficus carica*	イチジク	クワ科	t3494	*Ficus carica*	Common fig	Moraceae	t3494				https://plantgarden.jp/en/list/t3494	https://plantgarden.jp/ja/list/t3494	https://plantgarden.jp/en/list/t3494/genome	https://plantgarden.jp/en/list/t3494/genome/t3494.G001		
	*Ficus erecta*	イヌビワ	クワ科	t66383	*Ficus erecta*	Japanese fig	Moraceae	t66383				https://plantgarden.jp/en/list/t66383	https://plantgarden.jp/ja/list/t66383	https://plantgarden.jp/en/list/t66383/genome	https://plantgarden.jp/en/list/t66383/genome/t66383.G001		
	*Fragaria vesca*	エゾヘビイチゴ	バラ科	t57918	*Fragaria vesca*	Wild strawberry	Rosaceae	t57918				https://plantgarden.jp/en/list/t57918	https://plantgarden.jp/ja/list/t57918	https://plantgarden.jp/en/list/t57918/genome	https://plantgarden.jp/en/list/t57918/genome/t57918.G001		
1	*Fragaria x ananassa*	オランダイチゴ	バラ科	t3747	*Fragaria x ananassa*	Strawberry	Rosaceae	t3747	http://purl.obolibrary.org/obo/PO_0009064	http://purl.obolibrary.org/obo/ENVO_00001998	http://purl.obolibrary.org/obo/FOODON_03413336	https://plantgarden.jp/en/list/t3747	https://plantgarden.jp/ja/list/t3747	https://plantgarden.jp/en/list/t3747/genome	https://plantgarden.jp/en/list/t3747/genome/t3747.G001	https://plantgarden.jp/en/list/t3747/genome/t3747.G002	
1	*Glycine max*	ダイズ	マメ科	t3847	*Glycine max*	Soybean	Fabaceae	t3847	http://purl.obolibrary.org/obo/PO_0009010	http://purl.obolibrary.org/obo/ENVO_00001998	http://purl.obolibrary.org/obo/FOODON_03411452	https://plantgarden.jp/en/list/t3847	https://plantgarden.jp/ja/list/t3847	https://plantgarden.jp/en/list/t3847/genome	https://plantgarden.jp/en/list/t3847/genome/t3847.G001	https://plantgarden.jp/en/list/t3847/genome/t3847.G002	https://plantgarden.jp/en/list/t3847/genome/t3847.G003
	*Glycine soja*	ツルマメ	マメ科	t3848	*Glycine soja*	Wild soybean	Fabaceae	t3848				https://plantgarden.jp/en/list/t3848	https://plantgarden.jp/ja/list/t3848	https://plantgarden.jp/en/list/t3848/genome	https://plantgarden.jp/en/list/t3848/genome/t3848.G001		
	*Gossypium arboreum*	ワタノキ	アオイ科	t29729	*Gossypium arboreum*	Tree cotton	Malvaceae	t29729				https://plantgarden.jp/en/list/t29729	https://plantgarden.jp/ja/list/t29729	https://plantgarden.jp/en/list/t29729/genome	https://plantgarden.jp/en/list/t29729/genome/t29729.G001		
	*Gossypium barbadense*	クレオール	アオイ科	t3634	*Gossypium barbadense*	Creole cotton	Malvaceae	t3634				https://plantgarden.jp/en/list/t3634	https://plantgarden.jp/ja/list/t3634	https://plantgarden.jp/en/list/t3634/genome	https://plantgarden.jp/en/list/t3634/genome/t3634.G001		
	*Gossypium hirsutum*	アメリカワタ	アオイ科	t3635	*Gossypium hirsutum*	Upland cotton	Malvaceae	t3635				https://plantgarden.jp/en/list/t3635	https://plantgarden.jp/ja/list/t3635	https://plantgarden.jp/en/list/t3635/genome	https://plantgarden.jp/en/list/t3635/genome/t3635.G001		
	*Helianthus annuus*	ヒマワリ	キク科	t4232	*Helianthus annuus*	Sunflower	Asteraceae	t4232				https://plantgarden.jp/en/list/t4232	https://plantgarden.jp/ja/list/t4232	https://plantgarden.jp/en/list/t4232/genome	https://plantgarden.jp/en/list/t4232/genome/t4232.G001		
	*Hordeum vulgare*	オオムギ	イネ科	t4513	*Hordeum vulgare*	Barley	Poaceae	t4513				https://plantgarden.jp/en/list/t4513	https://plantgarden.jp/ja/list/t4513	https://plantgarden.jp/en/list/t4513/genome	https://plantgarden.jp/en/list/t4513/genome/t4513.G001		
	*Hordeum vulgare* subsp. *spontaneum*	ヤセイオオムギ	イネ科	t4513	*Hordeum vulgare* subsp. *spontaneum*		Poaceae	t4513				https://plantgarden.jp/en/list/t4513	https://plantgarden.jp/ja/list/t4513	https://plantgarden.jp/en/list/t4513/genome	https://plantgarden.jp/en/list/t4513/genome/t4513.G001		
	*Hordeum vulgare* subsp. *vulgare*	オオムギ	イネ科	t4513	*Hordeum vulgare* subsp. *vulgare*		Poaceae	t4513				https://plantgarden.jp/en/list/t4513	https://plantgarden.jp/ja/list/t4513	https://plantgarden.jp/en/list/t4513/genome	https://plantgarden.jp/en/list/t4513/genome/t4513.G001		
	*Ipomoea trifida*	野生サツマイモ	ヒルガオ科	t35884	*Ipomoea trifida*	Sweet potato	Convolvulaceae	t35884				https://plantgarden.jp/en/list/t35884	https://plantgarden.jp/ja/list/t35884	https://plantgarden.jp/en/list/t35884/genome	https://plantgarden.jp/en/list/t35884/genome/t35884.G001		
	*Lactuca sativa*	レタス	キク科	t4236	*Lactuca sativa*	Lettuce	Asteraceae	t4236				https://plantgarden.jp/en/list/t4236	https://plantgarden.jp/ja/list/t4236	https://plantgarden.jp/en/list/t4236/genome	https://plantgarden.jp/en/list/t4236/genome/t4236.G001		
	*Lagenaria siceraria*	ヒョウタン	ウリ科	t3668	*Lagenaria siceraria*	Bottle gourd	Cucurbitaceae	t3668				https://plantgarden.jp/en/list/t3668	https://plantgarden.jp/ja/list/t3668	https://plantgarden.jp/en/list/t3668/genome	https://plantgarden.jp/en/list/t3668/genome/t3668.G001		
	*Linum usitatissimum*	アマ	アマ科	t4006	*Linum usitatissimum*	Flax	Linaceae	t4006				https://plantgarden.jp/en/list/t4006	https://plantgarden.jp/ja/list/t4006	https://plantgarden.jp/en/list/t4006/genome	https://plantgarden.jp/en/list/t4006/genome/t4006.G001		
1	*Lotus japonicus*	ミヤコグサ	マメ科	t34305	*Lotus japonicus*	Japanese trefoil	Fabaceae	t34305	-	http://purl.obolibrary.org/obo/ENVO_00001998	-	https://plantgarden.jp/en/list/t34305	https://plantgarden.jp/ja/list/t34305	https://plantgarden.jp/en/list/t34305/genome	https://plantgarden.jp/en/list/t34305/genome/t34305.G001	https://plantgarden.jp/en/list/t34305/genome/t34305.G002	
	*Malus x domestica*	リンゴ	バラ科	t3750	*Malus x domestica*	Apple	Rosaceae	t3750				https://plantgarden.jp/en/list/t3750	https://plantgarden.jp/ja/list/t3750	https://plantgarden.jp/en/list/t3750/genome	https://plantgarden.jp/en/list/t3750/genome/t3750.G001		
	*Manihot esculenta*	キャッサバ	トウダイグサ科	t3983	*Manihot esculenta*	Cassava	Euphorbiaceae	t3983				https://plantgarden.jp/en/list/t3983	https://plantgarden.jp/ja/list/t3983	https://plantgarden.jp/en/list/t3983/genome	https://plantgarden.jp/en/list/t3983/genome/t3983.G001		
	*Medicago truncatula*	ウマゴヤシ	マメ科	t3880	*Medicago truncatula*	Barrel clover	Fabaceae	t3880				https://plantgarden.jp/en/list/t3880	https://plantgarden.jp/ja/list/t3880	https://plantgarden.jp/en/list/t3880/genome	https://plantgarden.jp/en/list/t3880/genome/t3880.G001		
	*Micromonas commoda*	ミクロモナス	マニエラ科	t296587	*Micromonas commoda*	Micromonas	Mamiellaceae	t296587				https://plantgarden.jp/en/list/t296587	https://plantgarden.jp/ja/list/t296587	https://plantgarden.jp/en/list/t296587/genome	https://plantgarden.jp/en/list/t296587/genome/t296587.G001		
	*Musa acuminata*	バナナ	バショウ科	t4641	*Musa acuminata*	Banana	Musaceae	t4641				https://plantgarden.jp/en/list/t4641	https://plantgarden.jp/ja/list/t4641	https://plantgarden.jp/en/list/t4641/genome	https://plantgarden.jp/en/list/t4641/genome/t4641.G001		
	*Nicotiana attenuata*	コヨーテタバコ	ナス科	t49451	*Nicotiana attenuata*	Coyote tobacco	Solanaceae	t49451				https://plantgarden.jp/en/list/t49451	https://plantgarden.jp/ja/list/t49451	https://plantgarden.jp/en/list/t49451/genome	https://plantgarden.jp/en/list/t49451/genome/t49451.G001		
	*Olea europaea*	オリーブ	モクセイ科	t4146	*Olea europaea*	Olive	Oleaceae	t4146				https://plantgarden.jp/en/list/t4146	https://plantgarden.jp/ja/list/t4146	https://plantgarden.jp/en/list/t4146/genome	https://plantgarden.jp/en/list/t4146/genome/t4146.G001		
	*Olea europaea* var. *sylvestris?*	野生オリーブ	モクセイ科	t4146	*Olea europaea* var. *sylvestris?*	Olive	Oleaceae	t4146				https://plantgarden.jp/en/list/t4146	https://plantgarden.jp/ja/list/t4146	https://plantgarden.jp/en/list/t4146/genome	https://plantgarden.jp/en/list/t4146/genome/t4146.G001		
	*Oryza sativa* subsp. *indica*	イネ(indica)	イネ科	t4530	*Oryza sativa* subsp. *indica*	Rice (indica)	Poaceae	t4530				https://plantgarden.jp/en/list/t4530	https://plantgarden.jp/ja/list/t4530	https://plantgarden.jp/en/list/t4530/genome	https://plantgarden.jp/en/list/t4530/genome/t4530.G001		
	*Oryza sativa* subsp. *japonica*	イネ(japonica)	イネ科	t4530	*Oryza sativa* subsp. *japonica*	Rice (japonica)	Poaceae	t4530				https://plantgarden.jp/en/list/t4530	https://plantgarden.jp/ja/list/t4530	https://plantgarden.jp/en/list/t4530/genome	https://plantgarden.jp/en/list/t4530/genome/t4530.G001		
	*Ostreococcus lucimarinus*	オストレオコッカス	バチコッカス科	t242159	*Ostreococcus lucimarinus*	Ostreococcus	Bathycoccaceae	t242159				https://plantgarden.jp/en/list/t242159	https://plantgarden.jp/ja/list/t242159	https://plantgarden.jp/en/list/t242159/genome	https://plantgarden.jp/en/list/t242159/genome/t242159.G001		
	*Phaseolus vulgaris*	インゲンマメ	マメ科	t3885	*Phaseolus vulgaris*	Green bean	Fabaceae	t3885				https://plantgarden.jp/en/list/t3885	https://plantgarden.jp/ja/list/t3885	https://plantgarden.jp/en/list/t3885/genome	https://plantgarden.jp/en/list/t3885/genome/t3885.G001		
	*Physcomitrella patens*	ヒメツリガネゴケ	ヒョウタンゴケ科	t3218	*Physcomitrella patens*	Spreading earthmoss	Funariaceae	t3218				https://plantgarden.jp/en/list/t3218	https://plantgarden.jp/ja/list/t3218	https://plantgarden.jp/en/list/t3218/genome	https://plantgarden.jp/en/list/t3218/genome/t3218.G001		
	*Populus trichocarpa*	ポプラ	ヤナギ科	t3694	*Populus trichocarpa*	Poplar	Salicaceae	t3694				https://plantgarden.jp/en/list/t3694	https://plantgarden.jp/ja/list/t3694	https://plantgarden.jp/en/list/t3694/genome	https://plantgarden.jp/en/list/t3694/genome/t3694.G001		
	*Prunus avium*	セイヨウミザクラ	バラ科	t42229	*Prunus avium*	Sweet cherry	Rosaceae	t42229				https://plantgarden.jp/en/list/t42229	https://plantgarden.jp/ja/list/t42229	https://plantgarden.jp/en/list/t42229/genome	https://plantgarden.jp/en/list/t42229/genome/t42229.G001		
	*Prunus persica*	モモ	バラ科	t3760	*Prunus persica*	Peach	Rosaceae	t3760				https://plantgarden.jp/en/list/t3760	https://plantgarden.jp/ja/list/t3760	https://plantgarden.jp/en/list/t3760/genome	https://plantgarden.jp/en/list/t3760/genome/t3760.G001		
	*Prunus persica* var. *nucipersica*	ズバイモモ	バラ科	t3760	*Prunus persica* var. *nucipersica*		Rosaceae	t3760				https://plantgarden.jp/en/list/t3760	https://plantgarden.jp/ja/list/t3760	https://plantgarden.jp/en/list/t3760/genome	https://plantgarden.jp/en/list/t3760/genome/t3760.G001		
	*Prunus persica* var. *persica*	モモ(persica)	バラ科	t3760	*Prunus persica* var. *persica*		Rosaceae	t3760				https://plantgarden.jp/en/list/t3760	https://plantgarden.jp/ja/list/t3760	https://plantgarden.jp/en/list/t3760/genome	https://plantgarden.jp/en/list/t3760/genome/t3760.G001		
	*Raphanus sativus*	ダイコン	アブラナ科	t3726	*Raphanus sativus*	Radish	Brassicaceae	t3726				https://plantgarden.jp/en/list/t3726	https://plantgarden.jp/ja/list/t3726	https://plantgarden.jp/en/list/t3726/genome	https://plantgarden.jp/en/list/t3726/genome/t3726.G001		
	*Setaria italica*	アワ	イネ科	t4555	*Setaria italica*	Foxtail millet	Poaceae	t4555				https://plantgarden.jp/en/list/t4555	https://plantgarden.jp/ja/list/t4555	https://plantgarden.jp/en/list/t4555/genome	https://plantgarden.jp/en/list/t4555/genome/t4555.G001		
	*Solanum lycopersicum*	トマト	ナス科	t4081	*Solanum lycopersicum*	Tomato	Solanaceae	t4081				https://plantgarden.jp/en/list/t4081	https://plantgarden.jp/ja/list/t4081	https://plantgarden.jp/en/list/t4081/genome	https://plantgarden.jp/en/list/t4081/genome/t4081.G001		
	*Solanum pennellii*	野生トマト	ナス科	t28526	*Solanum pennellii*	Wild tomato	Solanaceae	t28526				https://plantgarden.jp/en/list/t28526	https://plantgarden.jp/ja/list/t28526	https://plantgarden.jp/en/list/t28526/genome	https://plantgarden.jp/en/list/t28526/genome/t28526.G001		
	*Solanum tuberosum*	ジャガイモ	ナス科	t4113	*Solanum tuberosum*	Potato	Solanaceae	t4113				https://plantgarden.jp/en/list/t4113	https://plantgarden.jp/ja/list/t4113	https://plantgarden.jp/en/list/t4113/genome	https://plantgarden.jp/en/list/t4113/genome/t4113.G001		
	*Sorghum bicolor*	モロコシ	イネ科	t4558	*Sorghum bicolor*	Sorghum	Poaceae	t4558				https://plantgarden.jp/en/list/t4558	https://plantgarden.jp/ja/list/t4558	https://plantgarden.jp/en/list/t4558/genome	https://plantgarden.jp/en/list/t4558/genome/t4558.G001		
	*Thellungiella parvula*	テルギエラ	アブラナ科	t98039	*Thellungiella parvula*	Thellungiella	Brassicaceae	t98039				https://plantgarden.jp/en/list/t98039	https://plantgarden.jp/ja/list/t98039	https://plantgarden.jp/en/list/t98039/genome	https://plantgarden.jp/en/list/t98039/genome/t98039.G001		
	*Theobroma cacao*	カカオ	アオイ科	t3641	*Theobroma cacao*	Cacao	Malvaceae	t3641				https://plantgarden.jp/en/list/t3641	https://plantgarden.jp/ja/list/t3641	https://plantgarden.jp/en/list/t3641/genome	https://plantgarden.jp/en/list/t3641/genome/t3641.G001		
	*Trifolium subterraneum*	サブクローバー	マメ科	t3900	*Trifolium subterraneum*	Sub clover	Fabaceae	t3900				https://plantgarden.jp/en/list/t3900	https://plantgarden.jp/ja/list/t3900	https://plantgarden.jp/en/list/t3900/genome	https://plantgarden.jp/en/list/t3900/genome/t3900.G001		
	*Triticum aestivum*	コムギ	イネ科	t4565	*Triticum aestivum*	Wheat	Poaceae	t4565				https://plantgarden.jp/en/list/t4565	https://plantgarden.jp/ja/list/t4565	https://plantgarden.jp/en/list/t4565/genome	https://plantgarden.jp/en/list/t4565/genome/t4565.G001		
	*Vitis labruscana x Vitis vinifera*	欧米雑種ブドウ	ブドウ科	t2599122	*Vitis labruscana x Vitis vinifera*	Grape	Vitaceae	t2599122				https://plantgarden.jp/en/list/t2599122	https://plantgarden.jp/ja/list/t2599122	https://plantgarden.jp/en/list/t2599122/genome	https://plantgarden.jp/en/list/t2599122/genome/t2599122.G001		
	*Vitis vinifera*	ヨーロッパブドウ	ブドウ科	t29760	*Vitis vinifera*	Grape	Vitaceae	t29760				https://plantgarden.jp/en/list/t29760	https://plantgarden.jp/ja/list/t29760	https://plantgarden.jp/en/list/t29760/genome	https://plantgarden.jp/en/list/t29760/genome/t29760.G001		
	*Zea mays*	トウモロコシ	イネ科	t4577	*Zea mays*	Maize	Poaceae	t4577				https://plantgarden.jp/en/list/t4577	https://plantgarden.jp/ja/list/t4577	https://plantgarden.jp/en/list/t4577/genome	https://plantgarden.jp/en/list/t4577/genome/t4577.G001		
	*Zea mays* var. *mays*	トウモロコシ(mays)	イネ科	t4577	*Zea mays* var. *mays*		Poaceae	t4577				https://plantgarden.jp/en/list/t4577	https://plantgarden.jp/ja/list/t4577	https://plantgarden.jp/en/list/t4577/genome	https://plantgarden.jp/en/list/t4577/genome/t4577.G001		
	*Zoysia japonica*	シバ	イネ科	t309978	*Zoysia japonica*	Japanese lawn grass	Poaceae	t309978				https://plantgarden.jp/en/list/t309978	https://plantgarden.jp/ja/list/t309978	https://plantgarden.jp/en/list/t309978/genome	https://plantgarden.jp/en/list/t309978/genome/t309978.G001		